年月,管制站,入境 / 出境,香港居民,内地访客,其他访客,总计
2021-01,中国客运码头,入境,0,0,0,0
2021-01,中国客运码头,出境,0,0,0,0
2021-01,启德邮轮码头,入境,0,0,0,0
2021-01,启德邮轮码头,出境,0,0,0,0
2021-01,屯门客运码头,入境,0,0,0,0
2021-01,屯门客运码头,出境,0,0,0,0
2021-01,文锦渡,入境,0,0,0,0
2021-01,文锦渡,出境,0,0,0,0
2021-01,机场,入境,16292,114,518,16924
2021-01,机场,出境,27182,484,1214,28880
2021-01,沙头角,入境,0,0,0,0
2021-01,沙头角,出境,0,0,0,0
2021-01,深圳湾,入境,29270,2405,62,31737
2021-01,深圳湾,出境,43250,3674,82,47006
2021-01,港口管制,入境,0,0,0,0
2021-01,港口管制,出境,0,0,0,0
2021-01,港澳客轮码头,入境,0,0,0,0
2021-01,港澳客轮码头,出境,0,0,0,0
2021-01,港珠澳大桥,入境,3109,103,122,3334
2021-01,港珠澳大桥,出境,5800,252,56,6108
2021-01,红磡,入境,0,0,0,0
2021-01,红磡,出境,0,0,0,0
2021-01,罗湖,入境,0,0,0,0
2021-01,罗湖,出境,0,0,0,0
2021-01,落马洲,入境,0,0,0,0
2021-01,落马洲,出境,0,0,0,0
2021-01,落马洲支线,入境,0,0,0,0
2021-01,落马洲支线,出境,0,0,0,0
2021-01,香园围,入境,0,0,0,0
2021-01,香园围,出境,0,0,0,0
2021-01,高铁西九龙,入境,0,0,0,0
2021-01,高铁西九龙,出境,0,0,0,0
2021-02,中国客运码头,入境,0,0,0,0
2021-02,中国客运码头,出境,0,0,0,0
2021-02,启德邮轮码头,入境,0,0,0,0
2021-02,启德邮轮码头,出境,0,0,0,0
2021-02,屯门客运码头,入境,0,0,0,0
2021-02,屯门客运码头,出境,0,0,0,0
2021-02,文锦渡,入境,0,0,0,0
2021-02,文锦渡,出境,0,0,0,0
2021-02,机场,入境,12804,93,423,13320
2021-02,机场,出境,16952,234,975,18161
2021-02,沙头角,入境,0,0,0,0
2021-02,沙头角,出境,0,0,0,0
2021-02,深圳湾,入境,48855,3343,51,52249
2021-02,深圳湾,出境,15789,1478,42,17309
2021-02,港口管制,入境,0,0,0,0
2021-02,港口管制,出境,0,0,0,0
2021-02,港澳客轮码头,入境,0,0,0,0
2021-02,港澳客轮码头,出境,0,0,0,0
2021-02,港珠澳大桥,入境,4987,157,196,5340
2021-02,港珠澳大桥,出境,3215,180,26,3421
2021-02,红磡,入境,0,0,0,0
2021-02,红磡,出境,0,0,0,0
2021-02,罗湖,入境,0,0,0,0
2021-02,罗湖,出境,0,0,0,0
2021-02,落马洲,入境,0,0,0,0
2021-02,落马洲,出境,0,0,0,0
2021-02,落马洲支线,入境,0,0,0,0
2021-02,落马洲支线,出境,0,0,0,0
2021-02,香园围,入境,0,0,0,0
2021-02,香园围,出境,0,0,0,0
2021-02,高铁西九龙,入境,0,0,0,0
2021-02,高铁西九龙,出境,0,0,0,0
2021-03,中国客运码头,入境,0,0,0,0
2021-03,中国客运码头,出境,0,0,0,0
2021-03,启德邮轮码头,入境,0,0,0,0
2021-03,启德邮轮码头,出境,0,0,0,0
2021-03,屯门客运码头,入境,0,0,0,0
2021-03,屯门客运码头,出境,0,0,0,0
2021-03,文锦渡,入境,0,0,0,0
2021-03,文锦渡,出境,0,0,0,0
2021-03,机场,入境,12938,126,518,13582
2021-03,机场,出境,20619,378,863,21860
2021-03,沙头角,入境,0,0,0,0
2021-03,沙头角,出境,0,0,0,0
2021-03,深圳湾,入境,40374,4155,53,44582
2021-03,深圳湾,出境,20510,2605,59,23174
2021-03,港口管制,入境,0,0,0,0
2021-03,港口管制,出境,0,0,0,0
2021-03,港澳客轮码头,入境,0,0,0,0
2021-03,港澳客轮码头,出境,0,0,0,0
2021-03,港珠澳大桥,入境,3371,156,95,3622
2021-03,港珠澳大桥,出境,3641,275,55,3971
2021-03,红磡,入境,0,0,0,0
2021-03,红磡,出境,0,0,0,0
2021-03,罗湖,入境,0,0,0,0
2021-03,罗湖,出境,0,0,0,0
2021-03,落马洲,入境,0,0,0,0
2021-03,落马洲,出境,0,0,0,0
2021-03,落马洲支线,入境,0,0,0,0
2021-03,落马洲支线,出境,0,0,0,0
2021-03,香园围,入境,0,0,0,0
2021-03,香园围,出境,0,0,0,0
2021-03,高铁西九龙,入境,0,0,0,0
2021-03,高铁西九龙,出境,0,0,0,0
2021-04,中国客运码头,入境,0,0,0,0
2021-04,中国客运码头,出境,0,0,0,0
2021-04,启德邮轮码头,入境,0,0,0,0
2021-04,启德邮轮码头,出境,0,0,0,0
2021-04,屯门客运码头,入境,0,0,0,0
2021-04,屯门客运码头,出境,0,0,0,0
2021-04,文锦渡,入境,0,0,0,0
2021-04,文锦渡,出境,0,0,0,0
2021-04,机场,入境,11761,110,517,12388
2021-04,机场,出境,21413,259,964,22636
2021-04,沙头角,入境,0,0,0,0
2021-04,沙头角,出境,0,0,0,0
2021-04,深圳湾,入境,34236,3459,58,37753
2021-04,深圳湾,出境,23430,2733,57,26220
2021-04,港口管制,入境,0,0,0,0
2021-04,港口管制,出境,0,0,0,0
2021-04,港澳客轮码头,入境,0,0,0,0
2021-04,港澳客轮码头,出境,0,0,0,0
2021-04,港珠澳大桥,入境,3186,121,173,3480
2021-04,港珠澳大桥,出境,3611,225,55,3891
2021-04,红磡,入境,0,0,0,0
2021-04,红磡,出境,0,0,0,0
2021-04,罗湖,入境,0,0,0,0
2021-04,罗湖,出境,0,0,0,0
2021-04,落马洲,入境,0,0,0,0
2021-04,落马洲,出境,0,0,0,0
2021-04,落马洲支线,入境,0,0,0,0
2021-04,落马洲支线,出境,0,0,0,0
2021-04,香园围,入境,0,0,0,0
2021-04,香园围,出境,0,0,0,0
2021-04,高铁西九龙,入境,0,0,0,0
2021-04,高铁西九龙,出境,0,0,0,0
2021-05,中国客运码头,入境,0,0,0,0
2021-05,中国客运码头,出境,0,0,0,0
2021-05,启德邮轮码头,入境,0,0,0,0
2021-05,启德邮轮码头,出境,0,0,0,0
2021-05,屯门客运码头,入境,0,0,0,0
2021-05,屯门客运码头,出境,0,0,0,0
2021-05,文锦渡,入境,0,0,0,0
2021-05,文锦渡,出境,0,0,0,0
2021-05,机场,入境,14930,154,563,15647
2021-05,机场,出境,25239,267,1104,26610
2021-05,沙头角,入境,0,0,0,0
2021-05,沙头角,出境,0,0,0,0
2021-05,深圳湾,入境,30516,3304,54,33874
2021-05,深圳湾,出境,25632,3040,64,28736
2021-05,港口管制,入境,0,0,0,0
2021-05,港口管制,出境,0,0,0,0
2021-05,港澳客轮码头,入境,0,0,0,0
2021-05,港澳客轮码头,出境,0,0,0,0
2021-05,港珠澳大桥,入境,3282,132,157,3571
2021-05,港珠澳大桥,出境,5293,328,75,5696
2021-05,红磡,入境,0,0,0,0
2021-05,红磡,出境,0,0,0,0
2021-05,罗湖,入境,0,0,0,0
2021-05,罗湖,出境,0,0,0,0
2021-05,落马洲,入境,0,0,0,0
2021-05,落马洲,出境,0,0,0,0
2021-05,落马洲支线,入境,0,0,0,0
2021-05,落马洲支线,出境,0,0,0,0
2021-05,香园围,入境,0,0,0,0
2021-05,香园围,出境,0,0,0,0
2021-05,高铁西九龙,入境,0,0,0,0
2021-05,高铁西九龙,出境,0,0,0,0
2021-06,中国客运码头,入境,0,0,0,0
2021-06,中国客运码头,出境,0,0,0,0
2021-06,启德邮轮码头,入境,0,0,0,0
2021-06,启德邮轮码头,出境,0,0,0,0
2021-06,屯门客运码头,入境,0,0,0,0
2021-06,屯门客运码头,出境,0,0,0,0
2021-06,文锦渡,入境,0,0,0,0
2021-06,文锦渡,出境,0,0,0,0
2021-06,机场,入境,21663,565,390,22618
2021-06,机场,出境,35352,639,837,36828
2021-06,沙头角,入境,0,0,0,0
2021-06,沙头角,出境,0,0,0,0
2021-06,深圳湾,入境,24698,3453,53,28204
2021-06,深圳湾,出境,18425,3181,52,21658
2021-06,港口管制,入境,0,0,0,0
2021-06,港口管制,出境,0,0,0,0
2021-06,港澳客轮码头,入境,0,0,0,0
2021-06,港澳客轮码头,出境,0,0,0,0
2021-06,港珠澳大桥,入境,3993,194,139,4326
2021-06,港珠澳大桥,出境,5716,482,82,6280
2021-06,红磡,入境,0,0,0,0
2021-06,红磡,出境,0,0,0,0
2021-06,罗湖,入境,0,0,0,0
2021-06,罗湖,出境,0,0,0,0
2021-06,落马洲,入境,0,0,0,0
2021-06,落马洲,出境,0,0,0,0
2021-06,落马洲支线,入境,0,0,0,0
2021-06,落马洲支线,出境,0,0,0,0
2021-06,香园围,入境,0,0,0,0
2021-06,香园围,出境,0,0,0,0
2021-06,高铁西九龙,入境,0,0,0,0
2021-06,高铁西九龙,出境,0,0,0,0
2021-07,中国客运码头,入境,0,0,0,0
2021-07,中国客运码头,出境,0,0,0,0
2021-07,启德邮轮码头,入境,0,0,0,0
2021-07,启德邮轮码头,出境,1014,0,0,1014
2021-07,屯门客运码头,入境,0,0,0,0
2021-07,屯门客运码头,出境,0,0,0,0
2021-07,文锦渡,入境,0,0,0,0
2021-07,文锦渡,出境,0,0,0,0
2021-07,机场,入境,20397,525,444,21366
2021-07,机场,出境,49832,753,698,51283
2021-07,沙头角,入境,0,0,0,0
2021-07,沙头角,出境,0,0,0,0
2021-07,深圳湾,入境,35800,4331,105,40236
2021-07,深圳湾,出境,38373,5491,63,43927
2021-07,港口管制,入境,0,0,0,0
2021-07,港口管制,出境,0,0,0,0
2021-07,港澳客轮码头,入境,0,0,0,0
2021-07,港澳客轮码头,出境,0,0,0,0
2021-07,港珠澳大桥,入境,5088,280,149,5517
2021-07,港珠澳大桥,出境,8802,578,93,9473
2021-07,红磡,入境,0,0,0,0
2021-07,红磡,出境,0,0,0,0
2021-07,罗湖,入境,0,0,0,0
2021-07,罗湖,出境,0,0,0,0
2021-07,落马洲,入境,0,0,0,0
2021-07,落马洲,出境,0,0,0,0
2021-07,落马洲支线,入境,0,0,0,0
2021-07,落马洲支线,出境,0,0,0,0
2021-07,香园围,入境,0,0,0,0
2021-07,香园围,出境,0,0,0,0
2021-07,高铁西九龙,入境,0,0,0,0
2021-07,高铁西九龙,出境,0,0,0,0
2021-08,中国客运码头,入境,0,0,0,0
2021-08,中国客运码头,出境,0,0,0,0
2021-08,启德邮轮码头,入境,17046,0,0,17046
2021-08,启德邮轮码头,出境,17034,0,0,17034
2021-08,屯门客运码头,入境,0,0,0,0
2021-08,屯门客运码头,出境,0,0,0,0
2021-08,文锦渡,入境,0,0,0,0
2021-08,文锦渡,出境,0,0,0,0
2021-08,机场,入境,29916,386,875,31177
2021-08,机场,出境,46973,523,812,48308
2021-08,沙头角,入境,0,0,0,0
2021-08,沙头角,出境,0,0,0,0
2021-08,深圳湾,入境,75072,7150,144,82366
2021-08,深圳湾,出境,28580,3481,92,32153
2021-08,港口管制,入境,0,0,0,0
2021-08,港口管制,出境,0,0,0,0
2021-08,港澳客轮码头,入境,0,0,0,0
2021-08,港澳客轮码头,出境,0,0,0,0
2021-08,港珠澳大桥,入境,5752,299,182,6233
2021-08,港珠澳大桥,出境,5465,302,117,5884
2021-08,红磡,入境,0,0,0,0
2021-08,红磡,出境,0,0,0,0
2021-08,罗湖,入境,0,0,0,0
2021-08,罗湖,出境,0,0,0,0
2021-08,落马洲,入境,0,0,0,0
2021-08,落马洲,出境,0,0,0,0
2021-08,落马洲支线,入境,0,0,0,0
2021-08,落马洲支线,出境,0,0,0,0
2021-08,香园围,入境,0,0,0,0
2021-08,香园围,出境,0,0,0,0
2021-08,高铁西九龙,入境,0,0,0,0
2021-08,高铁西九龙,出境,0,0,0,0
2021-09,中国客运码头,入境,0,0,0,0
2021-09,中国客运码头,出境,0,0,0,0
2021-09,启德邮轮码头,入境,17369,0,0,17369
2021-09,启德邮轮码头,出境,17984,0,0,17984
2021-09,屯门客运码头,入境,0,0,0,0
2021-09,屯门客运码头,出境,0,0,0,0
2021-09,文锦渡,入境,0,0,0,0
2021-09,文锦渡,出境,0,0,0,0
2021-09,机场,入境,23575,296,964,24835
2021-09,机场,出境,44049,766,1073,45888
2021-09,沙头角,入境,0,0,0,0
2021-09,沙头角,出境,0,0,0,0
2021-09,深圳湾,入境,39387,5649,210,45246
2021-09,深圳湾,出境,21446,2927,125,24498
2021-09,港口管制,入境,0,0,0,0
2021-09,港口管制,出境,0,0,0,0
2021-09,港澳客轮码头,入境,0,0,0,0
2021-09,港澳客轮码头,出境,0,0,0,0
2021-09,港珠澳大桥,入境,4266,417,265,4948
2021-09,港珠澳大桥,出境,5868,369,131,6368
2021-09,红磡,入境,0,0,0,0
2021-09,红磡,出境,0,0,0,0
2021-09,罗湖,入境,0,0,0,0
2021-09,罗湖,出境,0,0,0,0
2021-09,落马洲,入境,0,0,0,0
2021-09,落马洲,出境,0,0,0,0
2021-09,落马洲支线,入境,0,0,0,0
2021-09,落马洲支线,出境,0,0,0,0
2021-09,香园围,入境,0,0,0,0
2021-09,香园围,出境,0,0,0,0
2021-09,高铁西九龙,入境,0,0,0,0
2021-09,高铁西九龙,出境,0,0,0,0
2021-10,中国客运码头,入境,0,0,0,0
2021-10,中国客运码头,出境,0,0,0,0
2021-10,启德邮轮码头,入境,25404,0,0,25404
2021-10,启德邮轮码头,出境,25409,0,0,25409
2021-10,屯门客运码头,入境,0,0,0,0
2021-10,屯门客运码头,出境,0,0,0,0
2021-10,文锦渡,入境,0,0,0,0
2021-10,文锦渡,出境,0,0,0,0
2021-10,机场,入境,23552,272,1196,25020
2021-10,机场,出境,31462,954,1107,33523
2021-10,沙头角,入境,0,0,0,0
2021-10,沙头角,出境,0,0,0,0
2021-10,深圳湾,入境,26730,5460,314,32504
2021-10,深圳湾,出境,21352,3142,95,24589
2021-10,港口管制,入境,0,0,0,0
2021-10,港口管制,出境,0,0,0,0
2021-10,港澳客轮码头,入境,0,0,0,0
2021-10,港澳客轮码头,出境,0,0,0,0
2021-10,港珠澳大桥,入境,2840,363,151,3354
2021-10,港珠澳大桥,出境,5025,440,145,5610
2021-10,红磡,入境,0,0,0,0
2021-10,红磡,出境,0,0,0,0
2021-10,罗湖,入境,0,0,0,0
2021-10,罗湖,出境,0,0,0,0
2021-10,落马洲,入境,0,0,0,0
2021-10,落马洲,出境,0,0,0,0
2021-10,落马洲支线,入境,0,0,0,0
2021-10,落马洲支线,出境,0,0,0,0
2021-10,香园围,入境,0,0,0,0
2021-10,香园围,出境,0,0,0,0
2021-10,高铁西九龙,入境,0,0,0,0
2021-10,高铁西九龙,出境,0,0,0,0
2021-11,中国客运码头,入境,0,0,0,0
2021-11,中国客运码头,出境,0,0,0,0
2021-11,启德邮轮码头,入境,23701,0,0,23701
2021-11,启德邮轮码头,出境,24878,0,0,24878
2021-11,屯门客运码头,入境,0,0,0,0
2021-11,屯门客运码头,出境,0,0,0,0
2021-11,文锦渡,入境,0,0,0,0
2021-11,文锦渡,出境,0,0,0,0
2021-11,机场,入境,23584,596,1290,25470
2021-11,机场,出境,29680,837,1344,31861
2021-11,沙头角,入境,0,0,0,0
2021-11,沙头角,出境,0,0,0,0
2021-11,深圳湾,入境,26141,4778,263,31182
2021-11,深圳湾,出境,20334,3353,89,23776
2021-11,港口管制,入境,0,0,0,0
2021-11,港口管制,出境,0,0,0,0
2021-11,港澳客轮码头,入境,0,0,0,0
2021-11,港澳客轮码头,出境,0,0,0,0
2021-11,港珠澳大桥,入境,3116,298,362,3776
2021-11,港珠澳大桥,出境,4619,481,186,5286
2021-11,红磡,入境,0,0,0,0
2021-11,红磡,出境,0,0,0,0
2021-11,罗湖,入境,0,0,0,0
2021-11,罗湖,出境,0,0,0,0
2021-11,落马洲,入境,0,0,0,0
2021-11,落马洲,出境,0,0,0,0
2021-11,落马洲支线,入境,0,0,0,0
2021-11,落马洲支线,出境,0,0,0,0
2021-11,香园围,入境,0,0,0,0
2021-11,香园围,出境,0,0,0,0
2021-11,高铁西九龙,入境,0,0,0,0
2021-11,高铁西九龙,出境,0,0,0,0
2021-12,中国客运码头,入境,0,0,0,0
2021-12,中国客运码头,出境,0,0,0,0
2021-12,启德邮轮码头,入境,40675,0,0,40675
2021-12,启德邮轮码头,出境,42499,0,0,42499
2021-12,屯门客运码头,入境,0,0,0,0
2021-12,屯门客运码头,出境,0,0,0,0
2021-12,文锦渡,入境,0,0,0,0
2021-12,文锦渡,出境,0,0,0,0
2021-12,机场,入境,25892,401,976,27269
2021-12,机场,出境,41999,703,1623,44325
2021-12,沙头角,入境,0,0,0,0
2021-12,沙头角,出境,0,0,0,0
2021-12,深圳湾,入境,26402,5170,395,31967
2021-12,深圳湾,出境,24473,4020,104,28597
2021-12,港口管制,入境,0,0,0,0
2021-12,港口管制,出境,0,0,0,0
2021-12,港澳客轮码头,入境,0,0,0,0
2021-12,港澳客轮码头,出境,0,0,0,0
2021-12,港珠澳大桥,入境,3814,337,519,4670
2021-12,港珠澳大桥,出境,5207,632,202,6041
2021-12,红磡,入境,0,0,0,0
2021-12,红磡,出境,0,0,0,0
2021-12,罗湖,入境,5090,0,0,5090
2021-12,罗湖,出境,5089,0,0,5089
2021-12,落马洲,入境,0,0,0,0
2021-12,落马洲,出境,0,0,0,0
2021-12,落马洲支线,入境,6978,0,0,6978
2021-12,落马洲支线,出境,6977,0,0,6977
2021-12,香园围,入境,5235,0,0,5235
2021-12,香园围,出境,5235,0,0,5235
2021-12,高铁西九龙,入境,0,0,0,0
2021-12,高铁西九龙,出境,0,0,0,0
2022-01,中国客运码头,入境,0,0,0,0
2022-01,中国客运码头,出境,0,0,0,0
2022-01,启德邮轮码头,入境,8233,0,0,8233
2022-01,启德邮轮码头,出境,3610,0,0,3610
2022-01,屯门客运码头,入境,0,0,0,0
2022-01,屯门客运码头,出境,0,0,0,0
2022-01,文锦渡,入境,0,0,0,0
2022-01,文锦渡,出境,0,0,0,0
2022-01,机场,入境,14982,441,452,15875
2022-01,机场,出境,33826,881,1434,36141
2022-01,沙头角,入境,0,0,0,0
2022-01,沙头角,出境,0,0,0,0
2022-01,深圳湾,入境,30329,4846,304,35479
2022-01,深圳湾,出境,29132,4334,112,33578
2022-01,港口管制,入境,0,0,0,0
2022-01,港口管制,出境,0,0,0,0
2022-01,港澳客轮码头,入境,0,0,0,0
2022-01,港澳客轮码头,出境,0,0,0,0
2022-01,港珠澳大桥,入境,3030,218,306,3554
2022-01,港珠澳大桥,出境,4611,239,214,5064
2022-01,红磡,入境,0,0,0,0
2022-01,红磡,出境,0,0,0,0
2022-01,罗湖,入境,0,0,0,0
2022-01,罗湖,出境,0,0,0,0
2022-01,落马洲,入境,0,0,0,0
2022-01,落马洲,出境,0,0,0,0
2022-01,落马洲支线,入境,0,0,0,0
2022-01,落马洲支线,出境,0,0,0,0
2022-01,香园围,入境,0,0,0,0
2022-01,香园围,出境,0,0,0,0
2022-01,高铁西九龙,入境,0,0,0,0
2022-01,高铁西九龙,出境,0,0,0,0
2022-02,中国客运码头,入境,0,0,0,0
2022-02,中国客运码头,出境,0,0,0,0
2022-02,启德邮轮码头,入境,0,0,0,0
2022-02,启德邮轮码头,出境,0,0,0,0
2022-02,屯门客运码头,入境,0,0,0,0
2022-02,屯门客运码头,出境,0,0,0,0
2022-02,文锦渡,入境,0,0,0,0
2022-02,文锦渡,出境,0,0,0,0
2022-02,机场,入境,9872,107,340,10319
2022-02,机场,出境,52946,2101,932,55979
2022-02,沙头角,入境,0,0,0,0
2022-02,沙头角,出境,0,0,0,0
2022-02,深圳湾,入境,9539,1231,70,10840
2022-02,深圳湾,出境,26525,4332,68,30925
2022-02,港口管制,入境,0,0,0,0
2022-02,港口管制,出境,0,0,0,0
2022-02,港澳客轮码头,入境,0,0,0,0
2022-02,港澳客轮码头,出境,0,0,0,0
2022-02,港珠澳大桥,入境,1238,87,197,1522
2022-02,港珠澳大桥,出境,6473,569,89,7131
2022-02,红磡,入境,0,0,0,0
2022-02,红磡,出境,0,0,0,0
2022-02,罗湖,入境,0,0,0,0
2022-02,罗湖,出境,0,0,0,0
2022-02,落马洲,入境,0,0,0,0
2022-02,落马洲,出境,0,0,0,0
2022-02,落马洲支线,入境,0,0,0,0
2022-02,落马洲支线,出境,0,0,0,0
2022-02,香园围,入境,0,0,0,0
2022-02,香园围,出境,0,0,0,0
2022-02,高铁西九龙,入境,0,0,0,0
2022-02,高铁西九龙,出境,0,0,0,0
2022-03,中国客运码头,入境,0,0,0,0
2022-03,中国客运码头,出境,0,0,0,0
2022-03,启德邮轮码头,入境,0,0,0,0
2022-03,启德邮轮码头,出境,0,0,0,0
2022-03,文锦渡,入境,0,0,0,0
2022-03,文锦渡,出境,0,0,0,0
2022-03,机场,入境,8570,81,272,8923
2022-03,机场,出境,64514,1494,1059,67067
2022-03,沙头角,入境,0,0,0,0
2022-03,沙头角,出境,0,0,0,0
2022-03,深圳湾,入境,5444,684,41,6169
2022-03,深圳湾,出境,11370,1776,20,13166
2022-03,港口管制,入境,0,0,0,0
2022-03,港口管制,出境,0,0,0,0
2022-03,港澳客轮码头,入境,0,0,0,0
2022-03,港澳客轮码头,出境,0,0,0,0
2022-03,港珠澳大桥,入境,1071,112,100,1283
2022-03,港珠澳大桥,出境,5836,641,53,6530
2022-03,红磡,入境,0,0,0,0
2022-03,红磡,出境,0,0,0,0
2022-03,罗湖,入境,0,0,0,0
2022-03,罗湖,出境,0,0,0,0
2022-03,落马洲,入境,0,0,0,0
2022-03,落马洲,出境,0,0,0,0
2022-03,落马洲支线,入境,0,0,0,0
2022-03,落马洲支线,出境,0,0,0,0
2022-03,香园围,入境,301,0,0,301
2022-03,香园围,出境,0,0,0,0
2022-03,高铁西九龙,入境,0,0,0,0
2022-03,高铁西九龙,出境,0,0,0,0
2022-04,中国客运码头,入境,0,0,0,0
2022-04,中国客运码头,出境,0,0,0,0
2022-04,启德邮轮码头,入境,0,0,0,0
2022-04,启德邮轮码头,出境,0,0,0,0
2022-04,文锦渡,入境,0,0,0,0
2022-04,文锦渡,出境,0,0,0,0
2022-04,机场,入境,41891,276,463,42630
2022-04,机场,出境,51847,823,903,53573
2022-04,沙头角,入境,0,0,0,0
2022-04,沙头角,出境,0,0,0,0
2022-04,深圳湾,入境,22163,2163,105,24431
2022-04,深圳湾,出境,9889,1957,33,11879
2022-04,港口管制,入境,0,0,0,0
2022-04,港口管制,出境,0,0,0,0
2022-04,港澳客轮码头,入境,0,0,0,0
2022-04,港澳客轮码头,出境,0,0,0,0
2022-04,港珠澳大桥,入境,2447,199,175,2821
2022-04,港珠澳大桥,出境,4620,554,37,5211
2022-04,红磡,入境,0,0,0,0
2022-04,红磡,出境,0,0,0,0
2022-04,罗湖,入境,0,0,0,0
2022-04,罗湖,出境,0,0,0,0
2022-04,落马洲,入境,0,0,0,0
2022-04,落马洲,出境,0,0,0,0
2022-04,落马洲支线,入境,0,0,0,0
2022-04,落马洲支线,出境,0,0,0,0
2022-04,香园围,入境,0,0,0,0
2022-04,香园围,出境,0,0,0,0
2022-04,高铁西九龙,入境,0,0,0,0
2022-04,高铁西九龙,出境,0,0,0,0
2022-05,中国客运码头,入境,0,0,0,0
2022-05,中国客运码头,出境,0,0,0,0
2022-05,启德邮轮码头,入境,0,0,0,0
2022-05,启德邮轮码头,出境,0,0,0,0
2022-05,文锦渡,入境,0,0,0,0
2022-05,文锦渡,出境,0,0,0,0
2022-05,机场,入境,58263,8831,3257,70351
2022-05,机场,出境,60485,2876,1610,64971
2022-05,沙头角,入境,0,0,0,0
2022-05,沙头角,出境,0,0,0,0
2022-05,深圳湾,入境,34756,4783,261,39800
2022-05,深圳湾,出境,16312,4604,166,21082
2022-05,港口管制,入境,0,0,0,0
2022-05,港口管制,出境,0,0,0,0
2022-05,港澳客轮码头,入境,0,0,0,0
2022-05,港澳客轮码头,出境,0,0,0,0
2022-05,港珠澳大桥,入境,3103,296,375,3774
2022-05,港珠澳大桥,出境,4031,672,91,4794
2022-05,红磡,入境,0,0,0,0
2022-05,红磡,出境,0,0,0,0
2022-05,罗湖,入境,0,0,0,0
2022-05,罗湖,出境,0,0,0,0
2022-05,落马洲,入境,0,0,0,0
2022-05,落马洲,出境,0,0,0,0
2022-05,落马洲支线,入境,0,0,0,0
2022-05,落马洲支线,出境,0,0,0,0
2022-05,香园围,入境,0,0,0,0
2022-05,香园围,出境,0,0,0,0
2022-05,高铁西九龙,入境,0,0,0,0
2022-05,高铁西九龙,出境,0,0,0,0
2022-06,中国客运码头,入境,0,0,0,0
2022-06,中国客运码头,出境,0,0,0,0
2022-06,启德邮轮码头,入境,0,0,0,0
2022-06,启德邮轮码头,出境,0,0,0,0
2022-06,文锦渡,入境,0,0,0,0
2022-06,文锦渡,出境,0,0,0,0
2022-06,机场,入境,68023,30222,4435,102680
2022-06,机场,出境,93602,10217,3400,107219
2022-06,沙头角,入境,0,0,0,0
2022-06,沙头角,出境,0,0,0,0
2022-06,深圳湾,入境,25803,4600,257,30660
2022-06,深圳湾,出境,14108,14280,425,28813
2022-06,港口管制,入境,0,0,0,0
2022-06,港口管制,出境,0,0,0,0
2022-06,港澳客轮码头,入境,0,0,0,0
2022-06,港澳客轮码头,出境,0,0,0,0
2022-06,港珠澳大桥,入境,2724,250,680,3654
2022-06,港珠澳大桥,出境,4151,3054,220,7425
2022-06,红磡,入境,0,0,0,0
2022-06,红磡,出境,0,0,0,0
2022-06,罗湖,入境,0,0,0,0
2022-06,罗湖,出境,0,0,0,0
2022-06,落马洲,入境,0,0,0,0
2022-06,落马洲,出境,0,0,0,0
2022-06,落马洲支线,入境,0,0,0,0
2022-06,落马洲支线,出境,0,0,0,0
2022-06,香园围,入境,0,0,0,0
2022-06,香园围,出境,0,0,0,0
2022-06,高铁西九龙,入境,0,0,0,0
2022-06,高铁西九龙,出境,0,0,0,0
2022-07,中国客运码头,入境,0,0,0,0
2022-07,中国客运码头,出境,0,0,0,0
2022-07,启德邮轮码头,入境,0,0,0,0
2022-07,启德邮轮码头,出境,0,0,0,0
2022-07,文锦渡,入境,0,0,0,0
2022-07,文锦渡,出境,0,0,0,0
2022-07,机场,入境,85619,33608,5251,124478
2022-07,机场,出境,102411,20371,5606,128388
2022-07,沙头角,入境,0,0,0,0
2022-07,沙头角,出境,0,0,0,0
2022-07,深圳湾,入境,34874,5864,935,41673
2022-07,深圳湾,出境,40695,17693,475,58863
2022-07,港口管制,入境,0,0,0,0
2022-07,港口管制,出境,0,0,0,0
2022-07,港澳客轮码头,入境,0,0,0,0
2022-07,港澳客轮码头,出境,0,0,0,0
2022-07,港珠澳大桥,入境,3867,406,1419,5692
2022-07,港珠澳大桥,出境,4100,2641,248,6989
2022-07,红磡,入境,0,0,0,0
2022-07,红磡,出境,0,0,0,0
2022-07,罗湖,入境,0,0,0,0
2022-07,罗湖,出境,0,0,0,0
2022-07,落马洲,入境,0,0,0,0
2022-07,落马洲,出境,0,0,0,0
2022-07,落马洲支线,入境,0,0,0,0
2022-07,落马洲支线,出境,0,0,0,0
2022-07,香园围,入境,0,0,0,0
2022-07,香园围,出境,0,0,0,0
2022-07,高铁西九龙,入境,0,0,0,0
2022-07,高铁西九龙,出境,0,0,0,0
2022-08,中国客运码头,入境,0,0,0,0
2022-08,中国客运码头,出境,0,0,0,0
2022-08,启德邮轮码头,入境,0,0,0,0
2022-08,启德邮轮码头,出境,0,0,0,0
2022-08,文锦渡,入境,0,0,0,0
2022-08,文锦渡,出境,0,0,0,0
2022-08,机场,入境,125943,38217,9011,173171
2022-08,机场,出境,107377,27306,7800,142483
2022-08,沙头角,入境,0,0,0,0
2022-08,沙头角,出境,0,0,0,0
2022-08,深圳湾,入境,73929,8968,776,83673
2022-08,深圳湾,出境,50581,15818,909,67308
2022-08,港口管制,入境,0,0,0,0
2022-08,港口管制,出境,0,0,0,0
2022-08,港澳客轮码头,入境,0,0,0,0
2022-08,港澳客轮码头,出境,0,0,0,0
2022-08,港珠澳大桥,入境,8003,774,1134,9911
2022-08,港珠澳大桥,出境,7751,4370,515,12636
2022-08,红磡,入境,0,0,0,0
2022-08,红磡,出境,0,0,0,0
2022-08,罗湖,入境,0,0,0,0
2022-08,罗湖,出境,0,0,0,0
2022-08,落马洲,入境,0,0,0,0
2022-08,落马洲,出境,0,0,0,0
2022-08,落马洲支线,入境,0,0,0,0
2022-08,落马洲支线,出境,0,0,0,0
2022-08,香园围,入境,0,0,0,0
2022-08,香园围,出境,0,0,0,0
2022-08,高铁西九龙,入境,0,0,0,0
2022-08,高铁西九龙,出境,0,0,0,0
2022-09,中国客运码头,入境,0,0,0,0
2022-09,中国客运码头,出境,0,0,0,0
2022-09,启德邮轮码头,入境,0,0,0,0
2022-09,启德邮轮码头,出境,0,0,0,0
2022-09,文锦渡,入境,0,0,0,0
2022-09,文锦渡,出境,0,0,0,0
2022-09,机场,入境,102753,41005,12446,156204
2022-09,机场,出境,123701,36342,11106,171149
2022-09,沙头角,入境,0,0,0,0
2022-09,沙头角,出境,0,0,0,0
2022-09,深圳湾,入境,49616,8466,752,58834
2022-09,深圳湾,出境,33315,12031,981,46327
2022-09,港口管制,入境,0,0,0,0
2022-09,港口管制,出境,0,0,0,0
2022-09,港澳客轮码头,入境,0,0,0,0
2022-09,港澳客轮码头,出境,0,0,0,0
2022-09,港珠澳大桥,入境,6713,1520,1210,9443
2022-09,港珠澳大桥,出境,5829,5324,637,11790
2022-09,红磡,入境,0,0,0,0
2022-09,红磡,出境,0,0,0,0
2022-09,罗湖,入境,0,0,0,0
2022-09,罗湖,出境,0,0,0,0
2022-09,落马洲,入境,0,0,0,0
2022-09,落马洲,出境,0,0,0,0
2022-09,落马洲支线,入境,0,0,0,0
2022-09,落马洲支线,出境,0,0,0,0
2022-09,香园围,入境,0,0,0,0
2022-09,香园围,出境,0,0,0,0
2022-09,高铁西九龙,入境,0,0,0,0
2022-09,高铁西九龙,出境,0,0,0,0
2022-10,中国客运码头,入境,0,0,0,0
2022-10,中国客运码头,出境,0,0,0,0
2022-10,启德邮轮码头,入境,0,0,0,0
2022-10,启德邮轮码头,出境,0,0,0,0
2022-10,文锦渡,入境,0,0,0,0
2022-10,文锦渡,出境,0,0,0,0
2022-10,机场,入境,192293,38339,29994,260626
2022-10,机场,出境,212652,32565,25221,270438
2022-10,沙头角,入境,0,0,0,0
2022-10,沙头角,出境,0,0,0,0
2022-10,深圳湾,入境,41948,8019,765,50732
2022-10,深圳湾,出境,27899,8420,845,37164
2022-10,港口管制,入境,0,0,0,0
2022-10,港口管制,出境,0,0,0,0
2022-10,港澳客轮码头,入境,0,0,0,0
2022-10,港澳客轮码头,出境,0,0,0,0
2022-10,港珠澳大桥,入境,5407,869,1301,7577
2022-10,港珠澳大桥,出境,6448,4704,760,11912
2022-10,红磡,入境,0,0,0,0
2022-10,红磡,出境,0,0,0,0
2022-10,罗湖,入境,0,0,0,0
2022-10,罗湖,出境,0,0,0,0
2022-10,落马洲,入境,0,0,0,0
2022-10,落马洲,出境,0,0,0,0
2022-10,落马洲支线,入境,0,0,0,0
2022-10,落马洲支线,出境,0,0,0,0
2022-10,香园围,入境,0,0,0,0
2022-10,香园围,出境,0,0,0,0
2022-10,高铁西九龙,入境,0,0,0,0
2022-10,高铁西九龙,出境,0,0,0,0
2022-11,中国客运码头,入境,0,0,0,0
2022-11,中国客运码头,出境,0,0,0,0
2022-11,启德邮轮码头,入境,0,0,0,0
2022-11,启德邮轮码头,出境,0,0,0,0
2022-11,文锦渡,入境,0,0,0,0
2022-11,文锦渡,出境,0,0,0,0
2022-11,机场,入境,305157,48415,51545,405117
2022-11,机场,出境,308506,42562,47375,398443
2022-11,沙头角,入境,0,0,0,0
2022-11,沙头角,出境,0,0,0,0
2022-11,深圳湾,入境,38797,8057,1220,48074
2022-11,深圳湾,出境,26476,7370,785,34631
2022-11,港口管制,入境,0,0,0,0
2022-11,港口管制,出境,0,0,0,0
2022-11,港澳客轮码头,入境,0,0,0,0
2022-11,港澳客轮码头,出境,0,0,0,0
2022-11,港珠澳大桥,入境,5092,1177,1460,7729
2022-11,港珠澳大桥,出境,5896,3659,954,10509
2022-11,红磡,入境,0,0,0,0
2022-11,红磡,出境,0,0,0,0
2022-11,罗湖,入境,0,0,0,0
2022-11,罗湖,出境,0,0,0,0
2022-11,落马洲,入境,0,0,0,0
2022-11,落马洲,出境,0,0,0,0
2022-11,落马洲支线,入境,0,0,0,0
2022-11,落马洲支线,出境,0,0,0,0
2022-11,香园围,入境,0,0,0,0
2022-11,香园围,出境,0,0,0,0
2022-11,高铁西九龙,入境,0,0,0,0
2022-11,高铁西九龙,出境,0,0,0,0
2022-12,中国客运码头,入境,0,0,0,0
2022-12,中国客运码头,出境,0,0,0,0
2022-12,启德邮轮码头,入境,0,0,0,0
2022-12,启德邮轮码头,出境,0,0,0,0
2022-12,文锦渡,入境,0,0,0,0
2022-12,文锦渡,出境,0,0,0,0
2022-12,机场,入境,447483,55497,84537,587517
2022-12,机场,出境,554400,52268,73107,679775
2022-12,沙头角,入境,0,0,0,0
2022-12,沙头角,出境,0,0,0,0
2022-12,深圳湾,入境,43182,9062,2639,54883
2022-12,深圳湾,出境,43386,11632,915,55933
2022-12,港口管制,入境,0,0,0,0
2022-12,港口管制,出境,0,0,0,0
2022-12,港澳客轮码头,入境,0,0,0,0
2022-12,港澳客轮码头,出境,0,0,0,0
2022-12,港珠澳大桥,入境,13214,1747,5154,20115
2022-12,港珠澳大桥,出境,17911,3874,2728,24513
2022-12,红磡,入境,0,0,0,0
2022-12,红磡,出境,0,0,0,0
2022-12,罗湖,入境,0,0,0,0
2022-12,罗湖,出境,0,0,0,0
2022-12,落马洲,入境,0,0,0,0
2022-12,落马洲,出境,0,0,0,0
2022-12,落马洲支线,入境,0,0,0,0
2022-12,落马洲支线,出境,0,0,0,0
2022-12,香园围,入境,0,0,0,0
2022-12,香园围,出境,0,0,0,0
2022-12,高铁西九龙,入境,0,0,0,0
2022-12,高铁西九龙,出境,0,0,0,0
2023-01,中国客运码头,入境,9757,3989,422,14168
2023-01,中国客运码头,出境,10943,3666,391,15000
2023-01,启德邮轮码头,入境,11,0,314,325
2023-01,启德邮轮码头,出境,32,0,254,286
2023-01,文锦渡,入境,32145,7062,239,39446
2023-01,文锦渡,出境,29339,5090,179,34608
2023-01,机场,入境,622988,94966,114905,832859
2023-01,机场,出境,565140,78327,130017,773484
2023-01,沙头角,入境,0,0,0,0
2023-01,沙头角,出境,0,0,0,0
2023-01,深圳湾,入境,169336,47777,9279,226392
2023-01,深圳湾,出境,149441,50784,7123,207348
2023-01,港口管制,入境,0,0,0,0
2023-01,港口管制,出境,0,0,0,0
2023-01,港澳客轮码头,入境,84458,4306,17544,106308
2023-01,港澳客轮码头,出境,98365,5729,15226,119320
2023-01,港珠澳大桥,入境,315630,16665,66445,398740
2023-01,港珠澳大桥,出境,316256,17937,68785,402978
2023-01,红磡,入境,0,0,0,0
2023-01,红磡,出境,0,0,0,0
2023-01,罗湖,入境,0,0,0,0
2023-01,罗湖,出境,0,0,0,0
2023-01,落马洲,入境,0,0,0,0
2023-01,落马洲,出境,0,0,0,0
2023-01,落马洲支线,入境,341902,65123,4585,411610
2023-01,落马洲支线,出境,395361,70244,4263,469868
2023-01,香园围,入境,0,0,0,0
2023-01,香园围,出境,0,0,0,0
2023-01,高铁西九龙,入境,80659,39954,4330,124943
2023-01,高铁西九龙,出境,92738,36077,4029,132844
2023-02,中国客运码头,入境,16018,11176,748,27942
2023-02,中国客运码头,出境,16793,9201,732,26726
2023-02,启德邮轮码头,入境,100,0,882,982
2023-02,启德邮轮码头,出境,126,0,852,978
2023-02,文锦渡,入境,33918,13859,201,47978
2023-02,文锦渡,出境,28550,9617,185,38352
2023-02,机场,入境,459105,138918,203153,801176
2023-02,机场,出境,438646,122383,171973,733002
2023-02,沙头角,入境,0,0,0,0
2023-02,沙头角,出境,0,0,0,0
2023-02,深圳湾,入境,359951,164769,7943,532663
2023-02,深圳湾,出境,352038,162726,13939,528703
2023-02,港口管制,入境,0,0,0,0
2023-02,港口管制,出境,0,0,0,0
2023-02,港澳客轮码头,入境,141603,12982,28902,183487
2023-02,港澳客轮码头,出境,150211,16873,28589,195673
2023-02,港珠澳大桥,入境,482056,48522,90343,620921
2023-02,港珠澳大桥,出境,476684,55411,92501,624596
2023-02,红磡,入境,0,0,0,0
2023-02,红磡,出境,0,0,0,0
2023-02,罗湖,入境,937593,214779,5008,1157380
2023-02,罗湖,出境,937794,256609,6635,1201038
2023-02,落马洲,入境,143331,31551,1732,176614
2023-02,落马洲,出境,109540,34942,2693,147175
2023-02,落马洲支线,入境,737219,220542,4418,962179
2023-02,落马洲支线,出境,740728,216253,5580,962561
2023-02,香园围,入境,136376,47413,391,184180
2023-02,香园围,出境,147375,28564,292,176231
2023-02,高铁西九龙,入境,193118,203522,9340,405980
2023-02,高铁西九龙,出境,209387,161293,10651,381331
2023-03,中国客运码头,入境,20154,16684,1374,38212
2023-03,中国客运码头,出境,20718,13513,1107,35338
2023-03,启德邮轮码头,入境,8372,490,10477,19339
2023-03,启德邮轮码头,出境,10004,509,9599,20112
2023-03,文锦渡,入境,47735,18016,253,66004
2023-03,文锦渡,出境,44813,12995,236,58044
2023-03,机场,入境,571233,210043,282699,1063975
2023-03,机场,出境,634954,178360,275035,1088349
2023-03,沙头角,入境,0,0,0,0
2023-03,沙头角,出境,0,0,0,0
2023-03,深圳湾,入境,524487,256860,16921,798268
2023-03,深圳湾,出境,530483,260728,20497,811708
2023-03,港口管制,入境,0,0,0,0
2023-03,港口管制,出境,0,0,0,0
2023-03,港澳客轮码头,入境,176722,23483,36093,236298
2023-03,港澳客轮码头,出境,181827,32690,36106,250623
2023-03,港珠澳大桥,入境,571654,121494,98506,791654
2023-03,港珠澳大桥,出境,576968,185015,99762,861745
2023-03,红磡,入境,0,0,0,0
2023-03,红磡,出境,0,0,0,0
2023-03,罗湖,入境,1448656,393921,10306,1852883
2023-03,罗湖,出境,1473326,500960,12555,1986841
2023-03,落马洲,入境,239389,59847,5593,304829
2023-03,落马洲,出境,188863,84128,6681,279672
2023-03,落马洲支线,入境,1055679,361434,7156,1424269
2023-03,落马洲支线,出境,1097108,347985,7150,1452243
2023-03,香园围,入境,255339,167097,767,423203
2023-03,香园围,出境,277652,78967,668,357287
2023-03,高铁西九龙,入境,233872,336527,16880,587279
2023-03,高铁西九龙,出境,289720,262968,14885,567573
2023-04,中国客运码头,入境,33306,23987,2275,59568
2023-04,中国客运码头,出境,37730,17281,1809,56820
2023-04,启德邮轮码头,入境,12494,622,8409,21525
2023-04,启德邮轮码头,出境,11944,591,9482,22017
2023-04,文锦渡,入境,43837,20408,422,64667
2023-04,文锦渡,出境,43157,14313,356,57826
2023-04,机场,入境,784614,204703,331594,1320911
2023-04,机场,出境,764559,188141,310749,1263449
2023-04,沙头角,入境,0,0,0,0
2023-04,沙头角,出境,0,0,0,0
2023-04,深圳湾,入境,669620,306132,24031,999783
2023-04,深圳湾,出境,675435,270858,26261,972554
2023-04,港口管制,入境,171,7,1090,1268
2023-04,港口管制,出境,150,29,1091,1270
2023-04,港澳客轮码头,入境,219987,30068,48527,298582
2023-04,港澳客轮码头,出境,230043,40946,48134,319123
2023-04,港珠澳大桥,入境,714327,142674,111043,968044
2023-04,港珠澳大桥,出境,720299,225566,112174,1058039
2023-04,红磡,入境,0,0,0,0
2023-04,红磡,出境,0,0,0,0
2023-04,罗湖,入境,1574574,401544,13982,1990100
2023-04,罗湖,出境,1578995,481121,15440,2075556
2023-04,落马洲,入境,288516,75125,8800,372441
2023-04,落马洲,出境,218841,96726,9729,325296
2023-04,落马洲支线,入境,1196681,394902,8905,1600488
2023-04,落马洲支线,出境,1251759,361599,8409,1621767
2023-04,香园围,入境,301119,194151,1081,496351
2023-04,香园围,出境,325497,81593,691,407781
2023-04,高铁西九龙,入境,456271,508336,29618,994225
2023-04,高铁西九龙,出境,499314,406056,30437,935807
2023-05,中国客运码头,入境,24601,23165,1929,49695
2023-05,中国客运码头,出境,22805,21696,1605,46106
2023-05,启德邮轮码头,入境,12261,662,5938,18861
2023-05,启德邮轮码头,出境,11737,665,6027,18429
2023-05,文锦渡,入境,50005,19078,316,69399
2023-05,文锦渡,出境,46374,14695,254,61323
2023-05,机场,入境,695395,248522,314302,1258219
2023-05,机场,出境,710142,205913,319772,1235827
2023-05,沙头角,入境,0,0,0,0
2023-05,沙头角,出境,0,0,0,0
2023-05,深圳湾,入境,612056,284210,19519,915785
2023-05,深圳湾,出境,578165,301462,22327,901954
2023-05,港口管制,入境,195,2,1415,1612
2023-05,港口管制,出境,294,11,1240,1545
2023-05,港澳客轮码头,入境,195854,34912,49411,280177
2023-05,港澳客轮码头,出境,193846,47028,49241,290115
2023-05,港珠澳大桥,入境,571268,148541,97761,817570
2023-05,港珠澳大桥,出境,549094,227768,101062,877924
2023-05,红磡,入境,0,0,0,0
2023-05,红磡,出境,0,0,0,0
2023-05,罗湖,入境,1531362,371557,11941,1914860
2023-05,罗湖,出境,1454544,455131,13161,1922836
2023-05,落马洲,入境,298414,69250,6741,374405
2023-05,落马洲,出境,222875,127104,9891,359870
2023-05,落马洲支线,入境,1220220,430506,7951,1658677
2023-05,落马洲支线,出境,1255459,452297,8364,1716120
2023-05,香园围,入境,330589,169620,1382,501591
2023-05,香园围,出境,338931,80532,1432,420895
2023-05,高铁西九龙,入境,350796,486439,23503,860738
2023-05,高铁西九龙,出境,359076,467226,23529,849831
2023-06,中国客运码头,入境,20608,18970,1720,41298
2023-06,中国客运码头,出境,21377,16002,1515,38894
2023-06,启德邮轮码头,入境,12804,1848,5842,20494
2023-06,启德邮轮码头,出境,13675,2100,5554,21329
2023-06,文锦渡,入境,46459,16464,340,63263
2023-06,文锦渡,出境,45695,12297,253,58245
2023-06,机场,入境,759782,243381,361941,1365104
2023-06,机场,出境,804649,190689,338728,1334066
2023-06,沙头角,入境,0,0,0,0
2023-06,沙头角,出境,0,0,0,0
2023-06,深圳湾,入境,604981,269273,20829,895083
2023-06,深圳湾,出境,613996,260965,22364,897325
2023-06,港口管制,入境,388,6,1217,1611
2023-06,港口管制,出境,356,17,1286,1659
2023-06,港澳客轮码头,入境,195562,33076,53346,281984
2023-06,港澳客轮码头,出境,201568,47267,52853,301688
2023-06,港珠澳大桥,入境,517488,133487,94534,745509
2023-06,港珠澳大桥,出境,539905,202780,98277,840962
2023-06,红磡,入境,0,0,0,0
2023-06,红磡,出境,0,0,0,0
2023-06,罗湖,入境,1485058,337586,11802,1834446
2023-06,罗湖,出境,1491607,368906,12884,1873397
2023-06,落马洲,入境,299700,66201,7701,373602
2023-06,落马洲,出境,234646,99003,10022,343671
2023-06,落马洲支线,入境,1217306,442676,8658,1668640
2023-06,落马洲支线,出境,1324718,474126,8750,1807594
2023-06,香园围,入境,347212,140874,1513,489599
2023-06,香园围,出境,376196,61661,1465,439322
2023-06,高铁西九龙,入境,328002,451389,24023,803414
2023-06,高铁西九龙,出境,363780,397110,25122,786012
2023-07,中国客运码头,入境,22832,26436,1814,51082
2023-07,中国客运码头,出境,23669,22402,1563,47634
2023-07,启德邮轮码头,入境,14484,1361,4244,20089
2023-07,启德邮轮码头,出境,14330,1086,4674,20090
2023-07,文锦渡,入境,31236,16318,309,47863
2023-07,文锦渡,出境,26469,9218,192,35879
2023-07,机场,入境,902681,281614,345442,1529737
2023-07,机场,出境,966464,260964,350666,1578094
2023-07,沙头角,入境,0,0,0,0
2023-07,沙头角,出境,0,0,0,0
2023-07,深圳湾,入境,691753,363509,24459,1079721
2023-07,深圳湾,出境,682481,340726,24948,1048155
2023-07,港口管制,入境,164,15,1231,1410
2023-07,港口管制,出境,158,19,1203,1380
2023-07,港澳客轮码头,入境,196547,49514,54357,300418
2023-07,港澳客轮码头,出境,198302,75454,54767,328523
2023-07,港珠澳大桥,入境,637333,210576,120831,968740
2023-07,港珠澳大桥,出境,630204,312563,118635,1061402
2023-07,红磡,入境,0,0,0,0
2023-07,红磡,出境,0,0,0,0
2023-07,罗湖,入境,1699848,453946,13710,2167504
2023-07,罗湖,出境,1642779,504090,14711,2161580
2023-07,落马洲,入境,354915,86779,8910,450604
2023-07,落马洲,出境,261254,110941,11205,383400
2023-07,落马洲支线,入境,1363518,607323,9562,1980403
2023-07,落马洲支线,出境,1471934,651025,9700,2132659
2023-07,香园围,入境,415776,211811,1883,629470
2023-07,香园围,出境,439064,91068,1700,531832
2023-07,高铁西九龙,入境,405624,665322,27633,1098579
2023-07,高铁西九龙,出境,453685,552508,26113,1032306
2023-08,中国客运码头,入境,26904,36575,2063,65542
2023-08,中国客运码头,出境,26576,33092,1831,61499
2023-08,启德邮轮码头,入境,17423,1163,15321,33907
2023-08,启德邮轮码头,出境,16258,1132,15332,32722
2023-08,文锦渡,入境,35150,19344,354,54848
2023-08,文锦渡,出境,35090,14252,279,49621
2023-08,机场,入境,1050955,307229,343772,1701956
2023-08,机场,出境,919672,295172,344870,1559714
2023-08,沙头角,入境,0,0,0,0
2023-08,沙头角,出境,0,0,0,0
2023-08,深圳湾,入境,779704,426435,25170,1231309
2023-08,深圳湾,出境,736929,418374,24715,1180018
2023-08,港口管制,入境,115,7,1386,1508
2023-08,港口管制,出境,165,19,1362,1546
2023-08,港澳客轮码头,入境,216376,59245,61576,337197
2023-08,港澳客轮码头,出境,213355,92158,61246,366759
2023-08,港珠澳大桥,入境,699853,262045,130840,1092738
2023-08,港珠澳大桥,出境,690335,389566,137465,1217366
2023-08,红磡,入境,0,0,0,0
2023-08,红磡,出境,0,0,0,0
2023-08,罗湖,入境,1827576,532632,14695,2374903
2023-08,罗湖,出境,1748492,622964,15859,2387315
2023-08,落马洲,入境,378248,101299,9377,488924
2023-08,落马洲,出境,283604,136529,10782,430915
2023-08,落马洲支线,入境,1464844,668301,10151,2143296
2023-08,落马洲支线,出境,1549237,719103,10183,2278523
2023-08,香园围,入境,466907,239884,2261,709052
2023-08,香园围,出境,485668,107507,1844,595019
2023-08,高铁西九龙,入境,489513,778478,28381,1296372
2023-08,高铁西九龙,出境,455805,669903,24768,1150476
2023-09,中国客运码头,入境,18782,17614,1718,38114
2023-09,中国客运码头,出境,26540,13488,1584,41612
2023-09,启德邮轮码头,入境,12083,2145,7564,21792
2023-09,启德邮轮码头,出境,13940,2352,7801,24093
2023-09,文锦渡,入境,8431,2484,78,10993
2023-09,文锦渡,出境,7713,1851,44,9608
2023-09,机场,入境,698140,217070,364820,1280030
2023-09,机场,出境,733124,243531,352970,1329625
2023-09,沙头角,入境,0,0,0,0
2023-09,沙头角,出境,0,0,0,0
2023-09,深圳湾,入境,651540,302697,26156,980393
2023-09,深圳湾,出境,693387,256218,23616,973221
2023-09,港口管制,入境,265,24,1254,1543
2023-09,港口管制,出境,441,33,1137,1611
2023-09,港澳客轮码头,入境,156669,24986,51467,233122
2023-09,港澳客轮码头,出境,166639,34114,49849,250602
2023-09,港珠澳大桥,入境,488225,127817,93629,709671
2023-09,港珠澳大桥,出境,562253,233152,95765,891170
2023-09,红磡,入境,0,0,0,0
2023-09,红磡,出境,0,0,0,0
2023-09,罗湖,入境,1513420,332741,14134,1860295
2023-09,罗湖,出境,1607864,364320,14644,1986828
2023-09,落马洲,入境,314120,90961,11098,416179
2023-09,落马洲,出境,263347,84314,10481,358142
2023-09,落马洲支线,入境,1283133,437759,9350,1730242
2023-09,落马洲支线,出境,1397627,424172,8211,1830010
2023-09,香园围,入境,402106,181116,2060,585282
2023-09,香园围,出境,443921,68556,1745,514222
2023-09,高铁西九龙,入境,327659,424415,26825,778899
2023-09,高铁西九龙,出境,393390,326221,23102,742713
2023-10,中国客运码头,入境,28669,26119,2928,57716
2023-10,中国客运码头,出境,23260,24868,2960,51088
2023-10,启德邮轮码头,入境,13067,5796,6009,24872
2023-10,启德邮轮码头,出境,12531,5729,4459,22719
2023-10,文锦渡,入境,0,0,0,0
2023-10,文锦渡,出境,0,0,0,0
2023-10,机场,入境,857608,281914,457299,1596821
2023-10,机场,出境,800899,212134,418109,1431142
2023-10,沙头角,入境,0,0,0,0
2023-10,沙头角,出境,0,0,0,0
2023-10,深圳湾,入境,839858,349358,30953,1220169
2023-10,深圳湾,出境,773877,367969,39484,1181330
2023-10,港口管制,入境,329,15,1356,1700
2023-10,港口管制,出境,410,40,1181,1631
2023-10,港澳客轮码头,入境,181221,37717,61477,280415
2023-10,港澳客轮码头,出境,172887,55880,62473,291240
2023-10,港珠澳大桥,入境,686970,183312,118791,989073
2023-10,港珠澳大桥,出境,619603,333705,127273,1080581
2023-10,红磡,入境,0,0,0,0
2023-10,红磡,出境,0,0,0,0
2023-10,罗湖,入境,1906694,418529,17927,2343150
2023-10,罗湖,出境,1755573,513878,20743,2290194
2023-10,落马洲,入境,391573,90936,11136,493645
2023-10,落马洲,出境,292260,142562,17079,451901
2023-10,落马洲支线,入境,1512624,520096,10488,2043208
2023-10,落马洲支线,出境,1505047,522501,11038,2038586
2023-10,香园围,入境,562338,265875,3221,831434
2023-10,香园围,出境,567615,105644,3054,676313
2023-10,高铁西九龙,入境,457227,518926,38918,1015071
2023-10,高铁西九龙,出境,434985,505278,45230,985493
2023-11,中国客运码头,入境,23477,19309,2586,45372
2023-11,中国客运码头,出境,24397,17458,2017,43872
2023-11,启德邮轮码头,入境,10259,6078,9507,25844
2023-11,启德邮轮码头,出境,10206,5922,7966,24094
2023-11,文锦渡,入境,22429,7303,203,29935
2023-11,文锦渡,出境,22783,5808,210,28801
2023-11,机场,入境,816750,212840,519947,1549537
2023-11,机场,出境,808293,184050,515944,1508287
2023-11,沙头角,入境,0,0,0,0
2023-11,沙头角,出境,0,0,0,0
2023-11,深圳湾,入境,847803,309747,32086,1189636
2023-11,深圳湾,出境,837458,300868,29573,1167899
2023-11,港口管制,入境,468,19,1458,1945
2023-11,港口管制,出境,475,71,1240,1786
2023-11,港澳客轮码头,入境,166645,29863,78364,274872
2023-11,港澳客轮码头,出境,165100,41489,79044,285633
2023-11,港珠澳大桥,入境,597231,179339,136104,912674
2023-11,港珠澳大桥,出境,603238,341869,139152,1084259
2023-11,红磡,入境,0,0,0,0
2023-11,红磡,出境,0,0,0,0
2023-11,罗湖,入境,1935589,375634,19776,2330999
2023-11,罗湖,出境,1905854,432286,20415,2358555
2023-11,落马洲,入境,370771,75503,10827,457101
2023-11,落马洲,出境,288982,102311,11891,403184
2023-11,落马洲支线,入境,1578923,482369,10752,2072044
2023-11,落马洲支线,出境,1662092,476786,10423,2149301
2023-11,香园围,入境,648363,276709,3229,928301
2023-11,香园围,出境,677174,107742,3162,788078
2023-11,高铁西九龙,入境,421179,453290,36343,910812
2023-11,高铁西九龙,出境,441339,404673,32095,878107
2023-12,中国客运码头,入境,34446,27975,5982,68403
2023-12,中国客运码头,出境,37455,24737,5458,67650
2023-12,启德邮轮码头,入境,14760,8635,7572,30967
2023-12,启德邮轮码头,出境,14743,9542,7450,31735
2023-12,文锦渡,入境,36197,16399,461,53057
2023-12,文锦渡,出境,38392,11339,254,49985
2023-12,机场,入境,954445,250977,586924,1792346
2023-12,机场,出境,1053573,204887,535656,1794116
2023-12,沙头角,入境,0,0,0,0
2023-12,沙头角,出境,0,0,0,0
2023-12,深圳湾,入境,965081,378870,30207,1374158
2023-12,深圳湾,出境,983807,361558,28372,1373737
2023-12,港口管制,入境,76,6,1498,1580
2023-12,港口管制,出境,200,12,1157,1369
2023-12,港澳客轮码头,入境,192962,33942,88885,315789
2023-12,港澳客轮码头,出境,200666,47188,90285,338139
2023-12,港珠澳大桥,入境,810288,207592,178008,1195888
2023-12,港珠澳大桥,出境,851278,328311,181424,1361013
2023-12,红磡,入境,0,0,0,0
2023-12,红磡,出境,0,0,0,0
2023-12,罗湖,入境,2084668,460602,21221,2566491
2023-12,罗湖,出境,2127242,549289,22278,2698809
2023-12,落马洲,入境,414507,96355,10297,521159
2023-12,落马洲,出境,328502,145335,11929,485766
2023-12,落马洲支线,入境,1688574,586539,12561,2287674
2023-12,落马洲支线,出境,1844292,547606,12040,2403938
2023-12,香园围,入境,688569,240582,3347,932498
2023-12,香园围,出境,720667,108733,3329,832729
2023-12,高铁西九龙,入境,519718,638116,36731,1194565
2023-12,高铁西九龙,出境,592277,514697,33921,1140895
2024-01,中国客运码头,入境,26434,30647,6795,63876
2024-01,中国客运码头,出境,24062,31476,7677,63215
2024-01,启德邮轮码头,入境,12796,6896,9262,28954
2024-01,启德邮轮码头,出境,13618,6126,11010,30754
2024-01,文锦渡,入境,42069,15919,411,58399
2024-01,文锦渡,出境,41828,12784,314,54926
2024-01,机场,入境,865349,296567,500486,1662402
2024-01,机场,出境,722218,289184,564706,1576108
2024-01,沙头角,入境,0,0,0,0
2024-01,沙头角,出境,0,0,0,0
2024-01,深圳湾,入境,913629,410167,30983,1354779
2024-01,深圳湾,出境,849101,385136,28631,1262868
2024-01,港口管制,入境,181,13,1518,1712
2024-01,港口管制,出境,220,19,1179,1418
2024-01,港澳客轮码头,入境,155310,39205,77235,271750
2024-01,港澳客轮码头,出境,153440,60462,78371,292273
2024-01,港珠澳大桥,入境,661770,223807,136223,1021800
2024-01,港珠澳大桥,出境,621301,316248,137415,1074964
2024-01,红磡,入境,0,0,0,0
2024-01,红磡,出境,0,0,0,0
2024-01,罗湖,入境,2040096,473018,19593,2532707
2024-01,罗湖,出境,1963107,555757,20554,2539418
2024-01,落马洲,入境,392959,93001,10866,496826
2024-01,落马洲,出境,292858,160196,12153,465207
2024-01,落马洲支线,入境,1625925,557056,11506,2194487
2024-01,落马洲支线,出境,1652107,544733,11124,2207964
2024-01,香园围,入境,726424,219864,3313,949601
2024-01,香园围,出境,726236,114172,3205,843613
2024-01,高铁西九龙,入境,455969,617382,34163,1107514
2024-01,高铁西九龙,出境,408075,547183,31999,987257
2024-02,中国客运码头,入境,33689,46347,6117,86153
2024-02,中国客运码头,出境,36109,48462,6956,91527
2024-02,启德邮轮码头,入境,15308,5890,7615,28813
2024-02,启德邮轮码头,出境,15288,6476,7733,29497
2024-02,文锦渡,入境,33411,15050,308,48769
2024-02,文锦渡,出境,34366,11250,268,45884
2024-02,机场,入境,834095,392220,454820,1681135
2024-02,机场,出境,851008,332826,409207,1593041
2024-02,沙头角,入境,0,0,0,0
2024-02,沙头角,出境,0,0,0,0
2024-02,深圳湾,入境,904039,419693,26260,1349992
2024-02,深圳湾,出境,882268,421992,30010,1334270
2024-02,港口管制,入境,160,43,1357,1560
2024-02,港口管制,出境,177,78,1004,1259
2024-02,港澳客轮码头,入境,161651,60623,63220,285494
2024-02,港澳客轮码头,出境,160256,102438,66540,329234
2024-02,港珠澳大桥,入境,770694,318351,135018,1224063
2024-02,港珠澳大桥,出境,772874,437981,135065,1345920
2024-02,红磡,入境,0,0,0,0
2024-02,红磡,出境,0,0,0,0
2024-02,罗湖,入境,1813275,510437,15889,2339601
2024-02,罗湖,出境,1789132,608658,17862,2415652
2024-02,落马洲,入境,356170,92670,8276,457116
2024-02,落马洲,出境,273735,139231,11078,424044
2024-02,落马洲支线,入境,1446390,499543,9789,1955722
2024-02,落马洲支线,出境,1526273,476737,10035,2013045
2024-02,香园围,入境,648229,215257,3295,866781
2024-02,香园围,出境,663128,107142,3522,773792
2024-02,高铁西九龙,入境,474119,668731,24674,1167524
2024-02,高铁西九龙,出境,527229,608009,25698,1160936
2024-03,中国客运码头,入境,27103,20307,7818,55228
2024-03,中国客运码头,出境,36727,20735,8791,66253
2024-03,启德邮轮码头,入境,14230,8065,29033,51328
2024-03,启德邮轮码头,出境,15104,7279,30813,53196
2024-03,文锦渡,入境,40303,12215,410,52928
2024-03,文锦渡,出境,46357,10275,339,56971
2024-03,机场,入境,834223,253958,562322,1650503
2024-03,机场,出境,1016529,207589,559611,1783729
2024-03,沙头角,入境,0,0,0,0
2024-03,沙头角,出境,0,0,0,0
2024-03,深圳湾,入境,972942,313731,32119,1318792
2024-03,深圳湾,出境,1061479,309739,33869,1405087
2024-03,港口管制,入境,195,23,1759,1977
2024-03,港口管制,出境,363,54,1168,1585
2024-03,港澳客轮码头,入境,175084,26947,73716,275747
2024-03,港澳客轮码头,出境,185034,38771,79276,303081
2024-03,港珠澳大桥,入境,762804,212404,142690,1117898
2024-03,港珠澳大桥,出境,877309,367511,140114,1384934
2024-03,红磡,入境,0,0,0,0
2024-03,红磡,出境,0,0,0,0
2024-03,罗湖,入境,2103083,374779,21867,2499729
2024-03,罗湖,出境,2230120,439736,24370,2694226
2024-03,落马洲,入境,420914,70053,10940,501907
2024-03,落马洲,出境,350884,112763,12837,476484
2024-03,落马洲支线,入境,1738017,435478,11783,2185278
2024-03,落马洲支线,出境,1967009,427710,12109,2406828
2024-03,香园围,入境,818165,263015,3828,1085008
2024-03,香园围,出境,884567,114271,4234,1003072
2024-03,高铁西九龙,入境,466984,475067,37904,979955
2024-03,高铁西九龙,出境,619880,432718,39415,1092013
2024-04,中国客运码头,入境,38769,22372,8787,69928
2024-04,中国客运码头,出境,34003,21922,9253,65178
2024-04,启德邮轮码头,入境,11391,5242,18891,35524
2024-04,启德邮轮码头,出境,10488,5825,19377,35690
2024-04,文锦渡,入境,40964,11559,416,52939
2024-04,文锦渡,出境,41944,9207,312,51463
2024-04,机场,入境,979948,250908,524082,1754938
2024-04,机场,出境,796476,269613,540110,1606199
2024-04,沙头角,入境,0,0,0,0
2024-04,沙头角,出境,0,0,0,0
2024-04,深圳湾,入境,1042780,338898,42227,1423905
2024-04,深圳湾,出境,920592,292433,39893,1252918
2024-04,港口管制,入境,262,50,1461,1773
2024-04,港口管制,出境,199,54,1107,1360
2024-04,港澳客轮码头,入境,176201,27319,69265,272785
2024-04,港澳客轮码头,出境,159916,37923,76595,274434
2024-04,港珠澳大桥,入境,823096,203235,130481,1156812
2024-04,港珠澳大桥,出境,728618,337369,120447,1186434
2024-04,红磡,入境,0,0,0,0
2024-04,红磡,出境,0,0,0,0
2024-04,罗湖,入境,2114561,374716,25042,2514319
2024-04,罗湖,出境,1965668,419242,25564,2410474
2024-04,落马洲,入境,430423,87782,14410,532615
2024-04,落马洲,出境,308479,100563,15411,424453
2024-04,落马洲支线,入境,1718695,421840,13417,2153952
2024-04,落马洲支线,出境,1679952,393516,12665,2086133
2024-04,香园围,入境,796308,244743,5335,1046386
2024-04,香园围,出境,789063,105233,5551,899847
2024-04,高铁西九龙,入境,590869,493119,56080,1140068
2024-04,高铁西九龙,出境,484088,424386,55850,964324
2024-05,中国客运码头,入境,24506,22071,7173,53750
2024-05,中国客运码头,出境,25608,22372,7555,55535
2024-05,启德邮轮码头,入境,8748,1451,995,11194
2024-05,启德邮轮码头,出境,7733,1231,684,9648
2024-05,文锦渡,入境,43781,13114,395,57290
2024-05,文锦渡,出境,46419,10433,296,57148
2024-05,机场,入境,844669,328162,459232,1632063
2024-05,机场,出境,892198,252677,452117,1596992
2024-05,沙头角,入境,0,0,0,0
2024-05,沙头角,出境,0,0,0,0
2024-05,深圳湾,入境,944101,338362,29861,1312324
2024-05,深圳湾,出境,937888,355422,31432,1324742
2024-05,港口管制,入境,275,50,1328,1653
2024-05,港口管制,出境,346,58,1292,1696
2024-05,港澳客轮码头,入境,172443,30517,66711,269671
2024-05,港澳客轮码头,出境,170035,41704,74583,286322
2024-05,港珠澳大桥,入境,715045,182898,120014,1017957
2024-05,港珠澳大桥,出境,716977,289704,111764,1118445
2024-05,红磡,入境,0,0,0,0
2024-05,红磡,出境,0,0,0,0
2024-05,罗湖,入境,2070105,423216,20938,2514259
2024-05,罗湖,出境,2048349,511733,22385,2582467
2024-05,落马洲,入境,408797,80986,11116,500899
2024-05,落马洲,出境,321878,145635,13091,480604
2024-05,落马洲支线,入境,1699963,470749,11429,2182141
2024-05,落马洲支线,出境,1787910,452276,11648,2251834
2024-05,香园围,入境,841928,211101,4035,1057064
2024-05,香园围,出境,868328,112056,4745,985129
2024-05,高铁西九龙,入境,437006,523215,39683,999904
2024-05,高铁西九龙,出境,453302,466395,37506,957203
2024-06,中国客运码头,入境,22566,15962,3593,42121
2024-06,中国客运码头,出境,27649,15219,4176,47044
2024-06,启德邮轮码头,入境,287,3214,285,3786
2024-06,启德邮轮码头,出境,287,3195,340,3822
2024-06,文锦渡,入境,43052,10693,367,54112
2024-06,文锦渡,出境,47521,9397,317,57235
2024-06,机场,入境,949234,281023,481044,1711301
2024-06,机场,出境,1017831,229254,464728,1711813
2024-06,沙头角,入境,0,0,0,0
2024-06,沙头角,出境,0,0,0,0
2024-06,深圳湾,入境,985669,304074,29887,1319630
2024-06,深圳湾,出境,1029726,306393,32736,1368855
2024-06,港口管制,入境,236,15,1143,1394
2024-06,港口管制,出境,462,12,976,1450
2024-06,港澳客轮码头,入境,179134,27804,63864,270802
2024-06,港澳客轮码头,出境,186938,38710,70784,296432
2024-06,港珠澳大桥,入境,749934,165122,129278,1044334
2024-06,港珠澳大桥,出境,831426,249209,127096,1207731
2024-06,红磡,入境,0,0,0,0
2024-06,红磡,出境,0,0,0,0
2024-06,罗湖,入境,2130588,370066,20059,2520713
2024-06,罗湖,出境,2192762,433278,21484,2647524
2024-06,落马洲,入境,434947,69251,11090,515288
2024-06,落马洲,出境,344470,103025,13499,460994
2024-06,落马洲支线,入境,1724052,416448,11510,2152010
2024-06,落马洲支线,出境,1903269,399525,11682,2314476
2024-06,香园围,入境,863318,183575,4363,1051256
2024-06,香园围,出境,914303,103312,5533,1023148
2024-06,高铁西九龙,入境,455269,492917,35965,984151
2024-06,高铁西九龙,出境,530173,442236,37801,1010210
2024-07,中国客运码头,入境,21901,20871,3064,45836
2024-07,中国客运码头,出境,19459,20031,3732,43222
2024-07,启德邮轮码头,入境,98,3267,835,4200
2024-07,启德邮轮码头,出境,95,3252,874,4221
2024-07,文锦渡,入境,44280,13217,361,57858
2024-07,文锦渡,出境,45714,10495,318,56527
2024-07,机场,入境,1095042,349218,441375,1885635
2024-07,机场,出境,1108567,332523,456362,1897452
2024-07,沙头角,入境,0,0,0,0
2024-07,沙头角,出境,0,0,0,0
2024-07,深圳湾,入境,1065025,413297,35072,1513394
2024-07,深圳湾,出境,999775,379674,32504,1411953
2024-07,港口管制,入境,291,15,1202,1508
2024-07,港口管制,出境,245,19,1128,1392
2024-07,港澳客轮码头,入境,184182,45067,61989,291238
2024-07,港澳客轮码头,出境,168562,67106,68597,304265
2024-07,港珠澳大桥,入境,804833,246566,146662,1198061
2024-07,港珠澳大桥,出境,747423,385257,135210,1267890
2024-07,红磡,入境,0,0,0,0
2024-07,红磡,出境,0,0,0,0
2024-07,罗湖,入境,2216920,488630,21928,2727478
2024-07,罗湖,出境,2127009,559974,22288,2709271
2024-07,落马洲,入境,454779,90113,12065,556957
2024-07,落马洲,出境,334636,124172,13107,471915
2024-07,落马洲支线,入境,1767533,508445,12910,2288888
2024-07,落马洲支线,出境,1814423,472391,12749,2299563
2024-07,香园围,入境,878355,279360,5634,1163349
2024-07,香园围,出境,871276,153383,6572,1031231
2024-07,高铁西九龙,入境,507400,681040,39739,1228179
2024-07,高铁西九龙,出境,515148,584051,36564,1135763
2024-08,中国客运码头,入境,20338,25232,3613,49183
2024-08,中国客运码头,出境,20928,23569,3875,48372
2024-08,启德邮轮码头,入境,11,17,3477,3505
2024-08,启德邮轮码头,出境,90,61,3527,3678
2024-08,文锦渡,入境,42337,15635,401,58373
2024-08,文锦渡,出境,45216,12488,283,57987
2024-08,机场,入境,1196223,402664,449772,2048659
2024-08,机场,出境,1056238,364193,451136,1871567
2024-08,沙头角,入境,0,0,0,0
2024-08,沙头角,出境,0,0,0,0
2024-08,深圳湾,入境,1115650,478093,34060,1627803
2024-08,深圳湾,出境,1087086,465880,31398,1584364
2024-08,港口管制,入境,311,15,1278,1604
2024-08,港口管制,出境,213,17,1191,1421
2024-08,港澳客轮码头,入境,186029,56596,66497,309122
2024-08,港澳客轮码头,出境,187627,80914,74336,342877
2024-08,港珠澳大桥,入境,848874,286407,143668,1278949
2024-08,港珠澳大桥,出境,874308,436601,136410,1447319
2024-08,罗湖,入境,2317845,569161,21498,2908504
2024-08,罗湖,出境,2300974,693306,22645,3016925
2024-08,落马洲,入境,468111,101046,12624,581781
2024-08,落马洲,出境,362257,145795,12937,520989
2024-08,落马洲支线,入境,1839527,598811,13354,2451692
2024-08,落马洲支线,出境,1969233,563484,13280,2545997
2024-08,香园围,入境,912212,294479,5216,1211907
2024-08,香园围,出境,931336,173947,6668,1111951
2024-08,高铁西九龙,入境,568839,829847,40708,1439394
2024-08,高铁西九龙,出境,542031,734754,36150,1312935
2024-09,中国客运码头,入境,15386,11329,1445,28160
2024-09,中国客运码头,出境,15497,9650,1179,26326
2024-09,启德邮轮码头,入境,644,2100,4123,6867
2024-09,启德邮轮码头,出境,915,5227,3381,9523
2024-09,文锦渡,入境,54990,13427,410,68827
2024-09,文锦渡,出境,56149,10907,332,67388
2024-09,机场,入境,818570,245197,455252,1519019
2024-09,机场,出境,825095,280427,469465,1574987
2024-09,沙头角,入境,0,0,0,0
2024-09,沙头角,出境,0,0,0,0
2024-09,深圳湾,入境,1035661,338020,33660,1407341
2024-09,深圳湾,出境,996889,298895,29389,1325173
2024-09,港口管制,入境,235,42,1191,1468
2024-09,港口管制,出境,248,35,1130,1413
2024-09,港澳客轮码头,入境,169673,25308,63010,257991
2024-09,港澳客轮码头,出境,160061,31323,74819,266203
2024-09,港珠澳大桥,入境,704247,126906,117302,948455
2024-09,港珠澳大桥,出境,694357,212131,104072,1010560
2024-09,罗湖,入境,2202872,366462,20688,2590022
2024-09,罗湖,出境,2184611,417883,21199,2623693
2024-09,落马洲,入境,413655,87877,13595,515127
2024-09,落马洲,出境,326573,93312,12345,432230
2024-09,落马洲支线,入境,1736357,428722,12162,2177241
2024-09,落马洲支线,出境,1800801,405197,11458,2217456
2024-09,香园围,入境,888816,200968,5189,1094973
2024-09,香园围,出境,889711,109091,6547,1005349
2024-09,高铁西九龙,入境,479325,447543,40260,967128
2024-09,高铁西九龙,出境,475521,387989,35968,899478
2024-10,中国客运码头,入境,19149,22662,2937,44748
2024-10,中国客运码头,出境,18605,19264,2300,40169
2024-10,启德邮轮码头,入境,1770,19735,9090,30595
2024-10,启德邮轮码头,出境,1726,18621,9261,29608
2024-10,文锦渡,入境,62151,18073,424,80648
2024-10,文锦渡,出境,64104,14257,428,78789
2024-10,机场,入境,948916,357635,574003,1880554
2024-10,机场,出境,903458,263412,511472,1678342
2024-10,沙头角,入境,0,0,0,0
2024-10,沙头角,出境,0,0,0,0
2024-10,深圳湾,入境,1099765,421280,38635,1559680
2024-10,深圳湾,出境,1072302,440958,48726,1561986
2024-10,港口管制,入境,179,13,1461,1653
2024-10,港口管制,出境,518,85,1216,1819
2024-10,港澳客轮码头,入境,174718,36803,74683,286204
2024-10,港澳客轮码头,出境,170439,48585,91397,310421
2024-10,港珠澳大桥,入境,818424,185850,134662,1138936
2024-10,港珠澳大桥,出境,814308,351726,122767,1288801
2024-10,罗湖,入境,2336420,485627,27115,2849162
2024-10,罗湖,出境,2295721,602737,29313,2927771
2024-10,落马洲,入境,441396,106474,13947,561817
2024-10,落马洲,出境,350392,156543,18363,525298
2024-10,落马洲支线,入境,1852517,592527,14601,2459645
2024-10,落马洲支线,出境,1936535,560557,15585,2512677
2024-10,香园围,入境,954567,310701,6040,1271308
2024-10,香园围,出境,968882,154822,7375,1131079
2024-10,高铁西九龙,入境,514542,579428,55979,1149949
2024-10,高铁西九龙,出境,518289,529084,62940,1110313
2024-11,中国客运码头,入境,15284,14004,1968,31256
2024-11,中国客运码头,出境,17338,11825,1539,30702
2024-11,启德邮轮码头,入境,875,11350,6342,18567
2024-11,启德邮轮码头,出境,936,8642,6098,15676
2024-11,文锦渡,入境,58816,15075,513,74404
2024-11,文锦渡,出境,62500,12500,376,75376
2024-11,机场,入境,912441,229770,608714,1750925
2024-11,机场,出境,919168,201409,608868,1729445
2024-11,沙头角,入境,0,0,0,0
2024-11,沙头角,出境,0,0,0,0
2024-11,深圳湾,入境,1102545,352915,41047,1496507
2024-11,深圳湾,出境,1113463,340286,38616,1492365
2024-11,港口管制,入境,366,41,1430,1837
2024-11,港口管制,出境,188,32,1408,1628
2024-11,港澳客轮码头,入境,156256,27554,84720,268530
2024-11,港澳客轮码头,出境,161921,34424,102698,299043
2024-11,港珠澳大桥,入境,725814,157693,148188,1031695
2024-11,港珠澳大桥,出境,758401,326123,127303,1211827
2024-11,罗湖,入境,2310037,391590,29202,2730829
2024-11,罗湖,出境,2336089,461753,29714,2827556
2024-11,落马洲,入境,427259,77455,13910,518624
2024-11,落马洲,出境,349467,107410,14183,471060
2024-11,落马洲支线,入境,1819247,484021,14600,2317868
2024-11,落马洲支线,出境,1955705,453483,14271,2423459
2024-11,香园围,入境,961916,303114,6759,1271789
2024-11,香园围,出境,991473,143220,7924,1142617
2024-11,高铁西九龙,入境,517285,491486,55296,1064067
2024-11,高铁西九龙,出境,543603,436875,49519,1029997
2024-12,中国客运码头,入境,27094,24443,2252,53789
2024-12,中国客运码头,出境,29116,21464,1875,52455
2024-12,启德邮轮码头,入境,12853,7965,16150,36968
2024-12,启德邮轮码头,出境,16186,3559,16512,36257
2024-12,文锦渡,入境,58588,19212,579,78379
2024-12,文锦渡,出境,62456,15707,416,78579
2024-12,机场,入境,1087688,275718,682210,2045616
2024-12,机场,出境,1171251,227440,640050,2038741
2024-12,沙头角,入境,0,0,0,0
2024-12,沙头角,出境,0,0,0,0
2024-12,深圳湾,入境,1282881,428331,38715,1749927
2024-12,深圳湾,出境,1261717,421468,38633,1721818
2024-12,港口管制,入境,116,25,1239,1380
2024-12,港口管制,出境,164,22,1039,1225
2024-12,港澳客轮码头,入境,185429,32232,105273,322934
2024-12,港澳客轮码头,出境,185210,39857,120485,345552
2024-12,港珠澳大桥,入境,950193,175992,185147,1311332
2024-12,港珠澳大桥,出境,944409,319830,170505,1434744
2024-12,罗湖,入境,2491860,484069,31818,3007747
2024-12,罗湖,出境,2474070,580888,32815,3087773
2024-12,落马洲,入境,492240,97127,13840,603207
2024-12,落马洲,出境,390499,157135,15536,563170
2024-12,落马洲支线,入境,1970244,595393,16730,2582367
2024-12,落马洲支线,出境,2100628,555854,16615,2673097
2024-12,香园围,入境,1015188,285557,6567,1307312
2024-12,香园围,出境,1021535,144404,7712,1173651
2024-12,高铁西九龙,入境,619533,673133,56093,1348759
2024-12,高铁西九龙,出境,654662,578499,54179,1287340
2025-01,中国客运码头,入境,16917,24691,1779,43387
2025-01,中国客运码头,出境,25178,22173,1683,49034
2025-01,启德邮轮码头,入境,9401,5954,20558,35913
2025-01,启德邮轮码头,出境,7398,9671,19317,36386
2025-01,文锦渡,入境,56483,22535,596,79614
2025-01,文锦渡,出境,62097,18248,402,80747
2025-01,机场,入境,928604,420634,594074,1943312
2025-01,机场,出境,987364,385943,651785,2025092
2025-01,沙头角,入境,0,0,0,0
2025-01,沙头角,出境,0,0,0,0
2025-01,深圳湾,入境,1207640,540077,40906,1788623
2025-01,深圳湾,出境,1331202,503798,34747,1869747
2025-01,港口管制,入境,179,18,1554,1751
2025-01,港口管制,出境,223,37,986,1246
2025-01,港澳客轮码头,入境,152029,52710,93507,298246
2025-01,港澳客轮码头,出境,157512,72579,98786,328877
2025-01,港珠澳大桥,入境,793803,252387,156334,1202524
2025-01,港珠澳大桥,出境,887561,408004,153094,1448659
2025-01,罗湖,入境,2211585,546692,25985,2784262
2025-01,罗湖,出境,2349554,660819,27093,3037466
2025-01,落马洲,入境,440053,125309,14943,580305
2025-01,落马洲,出境,370749,172911,13803,557463
2025-01,落马洲支线,入境,1694464,644950,14699,2354113
2025-01,落马洲支线,出境,1863228,601103,14180,2478511
2025-01,香园围,入境,934987,291488,6924,1233399
2025-01,香园围,出境,975786,154955,6608,1137349
2025-01,高铁西九龙,入境,479713,797747,45262,1322722
2025-01,高铁西九龙,出境,648500,665963,43018,1357481
2025-02,中国客运码头,入境,20624,20136,1283,42043
2025-02,中国客运码头,出境,15093,16888,1158,33139
2025-02,启德邮轮码头,入境,194,54,13734,13982
2025-02,启德邮轮码头,出境,194,35,13569,13798
2025-02,文锦渡,入境,57273,16199,455,73927
2025-02,文锦渡,出境,57558,13440,350,71348
2025-02,机场,入境,921648,325914,556532,1804094
2025-02,机场,出境,730526,288039,523142,1541707
2025-02,沙头角,入境,0,0,0,0
2025-02,沙头角,出境,0,0,0,0
2025-02,深圳湾,入境,1210132,380195,27447,1617774
2025-02,深圳湾,出境,1026655,394812,34859,1456326
2025-02,港口管制,入境,158,4,1068,1230
2025-02,港口管制,出境,242,10,855,1107
2025-02,港澳客轮码头,入境,155130,43885,80315,279330
2025-02,港澳客轮码头,出境,149031,61048,84460,294539
2025-02,港珠澳大桥,入境,845802,221797,135495,1203094
2025-02,港珠澳大桥,出境,741148,346453,138230,1225831
2025-02,罗湖,入境,2135067,416684,21623,2573374
2025-02,罗湖,出境,1920177,482293,22937,2425407
2025-02,落马洲,入境,422401,85941,9561,517903
2025-02,落马洲,出境,313841,131678,13775,459294
2025-02,落马洲支线,入境,1645018,488051,12150,2145219
2025-02,落马洲支线,出境,1618513,453911,12519,2084943
2025-02,香园围,入境,867304,217966,5437,1090707
2025-02,香园围,出境,843303,122091,6838,972232
2025-02,高铁西九龙,入境,587706,551746,34291,1173743
2025-02,高铁西九龙,出境,429418,545097,36079,1010594
2025-03,中国客运码头,入境,16256,13812,1683,31751
2025-03,中国客运码头,出境,16918,12326,1584,30828
2025-03,启德邮轮码头,入境,212,43,26114,26369
2025-03,启德邮轮码头,出境,329,28,26244,26601
2025-03,文锦渡,入境,68860,18792,534,88186
2025-03,文锦渡,出境,71577,15954,399,87930
2025-03,机场,入境,864989,258230,657386,1780605
2025-03,机场,出境,871831,229289,653524,1754644
2025-03,沙头角,入境,0,0,0,0
2025-03,沙头角,出境,0,0,0,0
2025-03,深圳湾,入境,1352152,385897,39355,1777404
2025-03,深圳湾,出境,1327738,374223,40368,1742329
2025-03,港口管制,入境,181,23,1491,1695
2025-03,港口管制,出境,116,20,990,1126
2025-03,港澳客轮码头,入境,162769,27874,83734,274377
2025-03,港澳客轮码头,出境,159162,37420,87371,283953
2025-03,港珠澳大桥,入境,832908,163531,142972,1139411
2025-03,港珠澳大桥,出境,833848,369560,145830,1349238
2025-03,罗湖,入境,2435236,413531,28583,2877350
2025-03,罗湖,出境,2402186,481042,29669,2912897
2025-03,落马洲,入境,475048,88780,14388,578216
2025-03,落马洲,出境,378642,119141,15615,513398
2025-03,落马洲支线,入境,1909569,507197,15017,2431783
2025-03,落马洲支线,出境,2003809,479883,14611,2498303
2025-03,香园围,入境,1026979,334759,7129,1368867
2025-03,香园围,出境,1046252,141277,8720,1196249
2025-03,高铁西九龙,入境,564498,536146,51805,1152449
2025-03,高铁西九龙,出境,579675,487173,53332,1120180
2025-04,中国客运码头,入境,27163,15245,2319,44727
2025-04,中国客运码头,出境,29983,13477,2147,45607
2025-04,启德邮轮码头,入境,3611,4325,20287,28223
2025-04,启德邮轮码头,出境,4423,5914,18232,28569
2025-04,文锦渡,入境,63259,18496,803,82558
2025-04,文锦渡,出境,66637,14761,454,81852
2025-04,机场,入境,1146520,266118,596228,2008866
2025-04,机场,出境,1176813,257969,604328,2039110
2025-04,沙头角,入境,0,0,0,0
2025-04,沙头角,出境,0,0,0,0
2025-04,深圳湾,入境,1445785,424208,49366,1919359
2025-04,深圳湾,出境,1421863,385403,49881,1857147
2025-04,港口管制,入境,208,18,1242,1468
2025-04,港口管制,出境,207,25,943,1175
2025-04,港澳客轮码头,入境,183575,30145,76057,289777
2025-04,港澳客轮码头,出境,182519,38936,78998,300453
2025-04,港珠澳大桥,入境,1007293,166268,148053,1321614
2025-04,港珠澳大桥,出境,1028004,316175,143890,1488069
2025-04,罗湖,入境,2421915,414986,30785,2867686
2025-04,罗湖,出境,2426294,484302,32045,2942641
2025-04,落马洲,入境,504584,105407,17153,627144
2025-04,落马洲,出境,400147,146790,17753,564690
2025-04,落马洲支线,入境,1904136,481202,15823,2401161
2025-04,落马洲支线,出境,2017024,450359,15298,2482681
2025-04,香园围,入境,976506,277073,7495,1261074
2025-04,香园围,出境,989340,136109,9456,1134905
2025-04,高铁西九龙,入境,732392,608800,70291,1411483
2025-04,高铁西九龙,出境,758175,518966,68368,1345509
2025-05,中国客运码头,入境,18121,17571,1648,37340
2025-05,中国客运码头,出境,19362,14391,1499,35252
2025-05,启德邮轮码头,入境,1210,6295,1780,9285
2025-05,启德邮轮码头,出境,1196,6303,2030,9529
2025-05,文锦渡,入境,68990,22778,688,92456
2025-05,文锦渡,出境,71885,17635,404,89924
2025-05,机场,入境,927455,337641,566192,1831288
2025-05,机场,出境,936367,290654,552377,1779398
2025-05,沙头角,入境,0,0,0,0
2025-05,沙头角,出境,0,0,0,0
2025-05,深圳湾,入境,1306315,456661,37489,1800465
2025-05,深圳湾,出境,1333296,453353,38414,1825063
2025-05,港口管制,入境,346,8,1076,1430
2025-05,港口管制,出境,342,20,1007,1369
2025-05,港澳客轮码头,入境,168952,34547,81311,284810
2025-05,港澳客轮码头,出境,170244,46389,95987,312620
2025-05,港珠澳大桥,入境,856474,178987,152018,1187479
2025-05,港珠澳大桥,出境,904769,295824,136508,1337101
2025-05,罗湖,入境,2329202,471860,25591,2826653
2025-05,罗湖,出境,2376047,577676,27307,2981030
2025-05,落马洲,入境,480755,120223,13551,614529
2025-05,落马洲,出境,398016,197614,15270,610900
2025-05,落马洲支线,入境,1798216,567826,13791,2379833
2025-05,落马洲支线,出境,1943810,524687,13583,2482080
2025-05,香园围,入境,985365,242252,8637,1236254
2025-05,香园围,出境,1016446,146932,11002,1174380
2025-05,高铁西九龙,入境,541399,665538,53306,1260243
2025-05,高铁西九龙,出境,568622,555927,49306,1173855
2025-06,中国客运码头,入境,14330,11088,1479,26897
2025-06,中国客运码头,出境,14765,10388,1342,26495
2025-06,启德邮轮码头,入境,2687,4932,1582,9201
2025-06,启德邮轮码头,出境,4319,5117,1125,10561
2025-06,文锦渡,入境,64998,17926,543,83467
2025-06,文锦渡,出境,68413,15436,347,84196
2025-06,机场,入境,891534,321761,525140,1738435
2025-06,机场,出境,950842,251520,525581,1727943
2025-06,沙头角,入境,0,0,0,0
2025-06,沙头角,出境,0,0,0,0
2025-06,深圳湾,入境,1323370,385048,35962,1744380
2025-06,深圳湾,出境,1287347,390247,40269,1717863
2025-06,港口管制,入境,166,2,1040,1208
2025-06,港口管制,出境,196,19,989,1204
2025-06,港澳客轮码头,入境,165439,27440,66631,259510
2025-06,港澳客轮码头,出境,163643,37639,80353,281635
2025-06,港珠澳大桥,入境,845179,150006,136339,1131524
2025-06,港珠澳大桥,出境,837176,235410,127261,1199847
2025-06,罗湖,入境,2341158,381162,23094,2745414
2025-06,罗湖,出境,2311765,451370,24717,2787852
2025-06,落马洲,入境,474739,91191,12913,578843
2025-06,落马洲,出境,379880,133748,16053,529681
2025-06,落马洲支线,入境,1819808,453392,13083,2286283
2025-06,落马洲支线,出境,1912757,432186,13450,2358393
2025-06,香园围,入境,974469,194856,6395,1175720
2025-06,香园围,出境,971912,124878,8054,1104844
2025-06,高铁西九龙,入境,549837,571047,47198,1168082
2025-06,高铁西九龙,出境,547805,522243,49775,1119823
2025-07,中国客运码头,入境,14372,16586,1302,32260
2025-07,中国客运码头,出境,15763,14183,1263,31209
2025-07,启德邮轮码头,入境,12387,6264,1031,19682
2025-07,启德邮轮码头,出境,11929,6422,1232,19583
2025-07,文锦渡,入境,55322,19365,545,75232
2025-07,文锦渡,出境,60992,16260,404,77656
2025-07,机场,入境,1022264,383804,510637,1916705
2025-07,机场,出境,1054512,374270,520426,1949208
2025-07,沙头角,入境,0,0,0,0
2025-07,沙头角,出境,0,0,0,0
2025-07,深圳湾,入境,1300533,511981,43513,1856027
2025-07,深圳湾,出境,1285040,471276,40621,1796937
2025-07,港口管制,入境,388,56,1259,1703
2025-07,港口管制,出境,310,83,1110,1503
2025-07,港澳客轮码头,入境,171321,42429,59446,273196
2025-07,港澳客轮码头,出境,165000,62534,71122,298656
2025-07,港珠澳大桥,入境,875656,242855,148877,1267388
2025-07,港珠澳大桥,出境,863803,393501,130601,1387905
2025-07,罗湖,入境,2378958,502735,24925,2906618
2025-07,罗湖,出境,2359867,593400,25911,2979178
2025-07,落马洲,入境,477994,123946,15713,617653
2025-07,落马洲,出境,381734,156730,16148,554612
2025-07,落马洲支线,入境,1798074,576859,14914,2389847
2025-07,落马洲支线,出境,1899208,530166,14561,2443935
2025-07,香园围,入境,955001,299001,7458,1261460
2025-07,香园围,出境,951938,177037,9152,1138127
2025-07,高铁西九龙,入境,593487,783124,52205,1428816
2025-07,高铁西九龙,出境,598541,674984,47728,1321253
2025-08,中国客运码头,入境,15900,20905,1524,38329
2025-08,中国客运码头,出境,15810,18192,1298,35300
2025-08,启德邮轮码头,入境,20288,9446,1696,31430
2025-08,启德邮轮码头,出境,20102,9828,1892,31822
2025-08,文锦渡,入境,57098,21606,466,79170
2025-08,文锦渡,出境,62320,17745,341,80406
2025-08,机场,入境,1239238,444675,538409,2222322
2025-08,机场,出境,1081190,405544,544416,2031150
2025-08,沙头角,入境,0,0,0,0
2025-08,沙头角,出境,0,0,0,0
2025-08,深圳湾,入境,1454768,609622,41953,2106343
2025-08,深圳湾,出境,1393068,591646,39598,2024312
2025-08,港口管制,入境,709,15,1246,1970
2025-08,港口管制,出境,344,26,949,1319
2025-08,港澳客轮码头,入境,172474,49418,68786,290678
2025-08,港澳客轮码头,出境,171890,71532,80835,324257
2025-08,港珠澳大桥,入境,983846,288020,160113,1431979
2025-08,港珠澳大桥,出境,978083,449693,153904,1581680
2025-08,罗湖,入境,2561859,617557,25379,3204795
2025-08,罗湖,出境,2520670,772873,26734,3320277
2025-08,落马洲,入境,526221,133481,15253,674955
2025-08,落马洲,出境,411299,206508,15802,633609
2025-08,落马洲支线,入境,1941643,723042,15596,2680281
2025-08,落马洲支线,出境,2048982,651289,15136,2715407
2025-08,香园围,入境,1003919,330559,7460,1341938
2025-08,香园围,出境,993457,212785,10119,1216361
2025-08,高铁西九龙,入境,681772,973497,53520,1708789
2025-08,高铁西九龙,出境,611417,855580,47948,1514945
2025-09,中国客运码头,入境,9925,8232,1106,19263
2025-09,中国客运码头,出境,10903,7003,872,18778
2025-09,启德邮轮码头,入境,11071,9938,2924,23933
2025-09,启德邮轮码头,出境,11338,9686,3127,24151
2025-09,文锦渡,入境,72323,18018,517,90858
2025-09,文锦渡,出境,72953,15488,325,88766
2025-09,机场,入境,762256,268467,507856,1538579
2025-09,机场,出境,790390,310506,516805,1617701
2025-09,沙头角,入境,0,0,0,0
2025-09,沙头角,出境,0,0,0,0
2025-09,深圳湾,入境,1217180,393217,40015,1650412
2025-09,深圳湾,出境,1199667,351274,35937,1586878
2025-09,港口管制,入境,198,51,1038,1287
2025-09,港口管制,出境,173,45,893,1111
2025-09,港澳客轮码头,入境,134687,20538,57103,212328
2025-09,港澳客轮码头,出境,134150,26481,69952,230583
2025-09,港珠澳大桥,入境,706163,121348,114182,941693
2025-09,港珠澳大桥,出境,719215,191547,98904,1009666
2025-09,罗湖,入境,2259360,360806,23171,2643337
2025-09,罗湖,出境,2284571,421843,23703,2730117
2025-09,落马洲,入境,416128,104228,15678,536034
2025-09,落马洲,出境,349604,122798,14712,487114
2025-09,落马洲支线,入境,1738844,453827,12890,2205561
2025-09,落马洲支线,出境,1827103,418442,12111,2257656
2025-09,香园围,入境,923237,188797,6363,1118397
2025-09,香园围,出境,927713,119939,7616,1055268
2025-09,高铁西九龙,入境,528555,509403,52885,1090843
2025-09,高铁西九龙,出境,513934,429911,46766,990611
2025-10,中国客运码头,入境,16831,19561,2337,38729
2025-10,中国客运码头,出境,18115,17568,2440,38123
2025-10,启德邮轮码头,入境,14487,10395,13399,38281
2025-10,启德邮轮码头,出境,14956,9181,13506,37643
2025-10,文锦渡,入境,84040,23057,598,107695
2025-10,文锦渡,出境,84357,18829,431,103617
2025-10,机场,入境,949021,416298,687303,2052622
2025-10,机场,出境,960121,307756,617230,1885107
2025-10,沙头角,入境,0,0,0,0
2025-10,沙头角,出境,0,0,0,0
2025-10,深圳湾,入境,1430203,507855,48606,1986664
2025-10,深圳湾,出境,1430426,528203,60459,2019088
2025-10,港口管制,入境,381,27,1155,1563
2025-10,港口管制,出境,401,84,993,1478
2025-10,港澳客轮码头,入境,154387,33377,80597,268361
2025-10,港澳客轮码头,出境,155509,46627,101869,304005
2025-10,港珠澳大桥,入境,859386,189820,150811,1200017
2025-10,港珠澳大桥,出境,870555,321760,133982,1326297
2025-10,罗湖,入境,2519582,486128,30685,3036395
2025-10,罗湖,出境,2524992,607308,33913,3166213
2025-10,落马洲,入境,473048,131614,17417,622079
2025-10,落马洲,出境,398662,193842,22901,615405
2025-10,落马洲支线,入境,1911853,647948,16859,2576660
2025-10,落马洲支线,出境,2021240,617119,17123,2655482
2025-10,香园围,入境,1044846,282525,9702,1337073
2025-10,香园围,出境,1056563,166413,12043,1235019
2025-10,高铁西九龙,入境,622469,702237,78745,1403451
2025-10,高铁西九龙,出境,625973,621962,86184,1334119
2025-11,中国客运码头,入境,16217,13746,1933,31896
2025-11,中国客运码头,出境,17103,12129,1796,31028
2025-11,启德邮轮码头,入境,9261,10348,12658,32267
2025-11,启德邮轮码头,出境,9467,7701,15431,32599
2025-11,文锦渡,入境,86598,21466,652,108716
2025-11,文锦渡,出境,86903,17575,458,104936
2025-11,机场,入境,976350,271762,681160,1929272
2025-11,机场,出境,919826,238391,692765,1850982
2025-11,沙头角,入境,0,0,0,0
2025-11,沙头角,出境,0,0,0,0
2025-11,深圳湾,入境,1496910,443939,50209,1991058
2025-11,深圳湾,出境,1459211,440511,46302,1946024
2025-11,港口管制,入境,214,29,1486,1729
2025-11,港口管制,出境,254,49,975,1278
2025-11,港澳客轮码头,入境,155581,27820,88695,272096
2025-11,港澳客轮码头,出境,155820,36987,114702,307509
2025-11,港珠澳大桥,入境,828541,173164,157769,1159474
2025-11,港珠澳大桥,出境,825613,329350,132299,1287262
2025-11,罗湖,入境,2601383,428513,33414,3063310
2025-11,罗湖,出境,2581023,518364,34574,3133961
2025-11,落马洲,入境,486850,117911,18362,623123
2025-11,落马洲,出境,405614,161694,18887,586195
2025-11,落马洲支线,入境,1977154,597379,17824,2592357
2025-11,落马洲支线,出境,2087559,565910,17238,2670707
2025-11,香园围,入境,1096114,319976,9603,1425693
2025-11,香园围,出境,1116365,165442,10940,1292747
2025-11,高铁西九龙,入境,631751,613515,76277,1321543
2025-11,高铁西九龙,出境,606169,540701,67285,1214155
2025-12,中国客运码头,入境,21853,16099,1835,39787
2025-12,中国客运码头,出境,23696,14003,1577,39276
2025-12,启德邮轮码头,入境,13761,7347,27778,48886
2025-12,启德邮轮码头,出境,16136,6972,25838,48946
2025-12,文锦渡,入境,79104,21719,534,101357
2025-12,文锦渡,出境,84119,17564,361,102044
2025-12,机场,入境,1101882,317718,763280,2182880
2025-12,机场,出境,1231212,248180,698968,2178360
2025-12,沙头角,入境,0,0,0,0
2025-12,沙头角,出境,0,0,0,0
2025-12,深圳湾,入境,1624944,484038,49832,2158814
2025-12,深圳湾,出境,1646054,475351,48888,2170293
2025-12,港口管制,入境,273,82,1179,1534
2025-12,港口管制,出境,451,176,999,1626
2025-12,港澳客轮码头,入境,168138,31565,100451,300154
2025-12,港澳客轮码头,出境,169125,43080,125348,337553
2025-12,港珠澳大桥,入境,1001602,188698,191800,1382100
2025-12,港珠澳大桥,出境,1035989,339529,171125,1546643
2025-12,罗湖,入境,2635554,484573,34654,3154781
2025-12,罗湖,出境,2673175,590375,36305,3299855
2025-12,落马洲,入境,524865,122875,17751,665491
2025-12,落马洲,出境,443412,184479,20014,647905
2025-12,落马洲支线,入境,2009702,634170,19788,2663660
2025-12,落马洲支线,出境,2195456,591144,19005,2805605
2025-12,香园围,入境,1111253,301929,8197,1421379
2025-12,香园围,出境,1144668,164119,11128,1319915
2025-12,高铁西九龙,入境,712344,742140,75814,1530298
2025-12,高铁西九龙,出境,755152,625828,74398,1455378
2026-01,中国客运码头,入境,15327,16654,1717,33698
2026-01,中国客运码头,出境,15583,14146,1459,31188
2026-01,启德邮轮码头,入境,16133,9759,27324,53216
2026-01,启德邮轮码头,出境,15216,11971,25100,52287
2026-01,文锦渡,入境,85619,24730,622,110971
2026-01,文锦渡,出境,88712,19480,386,108578
2026-01,机场,入境,969846,356230,682785,2008861
2026-01,机场,出境,807763,331665,739147,1878575
2026-01,沙头角,入境,0,0,0,0
2026-01,沙头角,出境,0,0,0,0
2026-01,深圳湾,入境,1558897,553263,47810,2159970
2026-01,深圳湾,出境,1503581,543384,46451,2093416
2026-01,港口管制,入境,222,32,1280,1534
2026-01,港口管制,出境,152,40,883,1075
2026-01,港澳客轮码头,入境,145291,38749,96211,280251
2026-01,港澳客轮码头,出境,142687,51498,99407,293592
2026-01,港珠澳大桥,入境,845407,214457,165398,1225262
2026-01,港珠澳大桥,出境,842370,344049,160061,1346480
2026-01,罗湖,入境,2616242,527655,32138,3176035
2026-01,罗湖,出境,2577780,653325,34071,3265176
2026-01,落马洲,入境,499946,132111,16878,648935
2026-01,落马洲,出境,410808,202515,18759,632082
2026-01,落马洲支线,入境,1980224,717241,18350,2715815
2026-01,落马洲支线,出境,2080070,657390,18002,2755462
2026-01,香园围,入境,1140001,302138,8499,1450638
2026-01,香园围,出境,1159429,177382,9942,1346753
2026-01,高铁西九龙,入境,628467,751105,68828,1448400
2026-01,高铁西九龙,出境,558172,640321,65884,1264377
2026-02,中国客运码头,入境,22175,27383,1188,50746
2026-02,中国客运码头,出境,23175,22261,1028,46464
2026-02,启德邮轮码头,入境,11708,7146,24751,43605
2026-02,启德邮轮码头,出境,13249,6797,21795,41841
2026-02,文锦渡,入境,66868,23946,381,91195
2026-02,文锦渡,出境,67024,18066,256,85346
2026-02,机场,入境,910596,530215,516676,1957487
2026-02,机场,出境,943544,461872,515925,1921341
2026-02,沙头角,入境,0,0,0,0
2026-02,沙头角,出境,0,0,0,0
2026-02,深圳湾,入境,1416790,616778,37626,2071194
2026-02,深圳湾,出境,1382002,606222,37440,2025664
2026-02,港口管制,入境,276,23,1391,1690
2026-02,港口管制,出境,173,51,833,1057
2026-02,港澳客轮码头,入境,147609,70988,70514,289111
2026-02,港澳客轮码头,出境,142546,101383,73904,317833
2026-02,港珠澳大桥,入境,934865,329730,142199,1406794
2026-02,港珠澳大桥,出境,943346,501290,141424,1586060
2026-02,罗湖,入境,2198979,578804,23567,2801350
2026-02,罗湖,出境,2184009,717610,24526,2926145
2026-02,落马洲,入境,451957,145439,13820,611216
2026-02,落马洲,出境,370923,189691,14876,575490
2026-02,落马洲支线,入境,1649077,716083,14589,2379749
2026-02,落马洲支线,出境,1737019,664619,14069,2415707
2026-02,香园围,入境,960418,321331,6611,1288360
2026-02,香园围,出境,968149,189641,7241,1165031
2026-02,高铁西九龙,入境,609707,878948,41908,1530563
2026-02,高铁西九龙,出境,647492,783130,41944,1472566
2026-03,中国客运码头,入境,14051,12837,1552,28440
2026-03,中国客运码头,出境,14725,10466,1350,26541
2026-03,启德邮轮码头,入境,13148,6032,15622,34802
2026-03,启德邮轮码头,出境,13003,7247,16997,37247
2026-03,文锦渡,入境,88881,23400,448,112729
2026-03,文锦渡,出境,90032,18136,374,108542
2026-03,机场,入境,924870,325699,723045,1973614
2026-03,机场,出境,988677,275241,707994,1971912
2026-03,沙头角,入境,0,0,0,0
2026-03,沙头角,出境,0,0,0,0
2026-03,深圳湾,入境,1568647,471267,47373,2087287
2026-03,深圳湾,出境,1552133,481917,52182,2086232
2026-03,港口管制,入境,286,26,1909,2221
2026-03,港口管制,出境,358,58,1283,1699
2026-03,港澳客轮码头,入境,155659,31799,77736,265194
2026-03,港澳客轮码头,出境,143570,43097,80185,266852
2026-03,港珠澳大桥,入境,849865,173809,155214,1178888
2026-03,港珠澳大桥,出境,860900,339576,157177,1357653
2026-03,罗湖,入境,2591539,446482,32465,3070486
2026-03,罗湖,出境,2561839,548360,35228,3145427
2026-03,落马洲,入境,504215,111625,16470,632310
2026-03,落马洲,出境,419717,170319,20236,610272
2026-03,落马洲支线,入境,1986506,616286,17871,2620663
2026-03,落马洲支线,出境,2088810,578356,18203,2685369
2026-03,香园围,入境,1154760,317210,9673,1481643
2026-03,香园围,出境,1170634,162641,12372,1345647
2026-03,高铁西九龙,入境,649936,648716,70060,1368712
2026-03,高铁西九龙,出境,649293,570362,77218,1296873
2026-04,中国客运码头,入境,1680,1545,193,3418
2026-04,中国客运码头,出境,10538,1443,241,12222
2026-04,启德邮轮码头,入境,3237,1355,6414,11006
2026-04,启德邮轮码头,出境,3708,1106,6219,11033
2026-04,文锦渡,入境,7880,2327,45,10252
2026-04,文锦渡,出境,12386,1917,48,14351
2026-04,机场,入境,129680,42998,98946,271624
2026-04,机场,出境,260264,20028,65302,345594
2026-04,沙头角,入境,0,0,0,0
2026-04,沙头角,出境,0,0,0,0
2026-04,深圳湾,入境,171933,50840,6139,228912
2026-04,深圳湾,出境,350576,51174,7210,408960
2026-04,港口管制,入境,25,2,271,298
2026-04,港口管制,出境,246,12,148,406
2026-04,港澳客轮码头,入境,22732,4905,10250,37887
2026-04,港澳客轮码头,出境,33756,7977,10124,51857
2026-04,港珠澳大桥,入境,121881,21857,20975,164713
2026-04,港珠澳大桥,出境,248811,37377,20412,306600
2026-04,罗湖,入境,287572,47464,3739,338775
2026-04,罗湖,出境,489740,63919,5128,558787
2026-04,落马洲,入境,62716,11939,2076,76731
2026-04,落马洲,出境,83528,16632,2626,102786
2026-04,落马洲支线,入境,222654,67945,2224,292823
2026-04,落马洲支线,出境,395381,68733,2848,466962
2026-04,香园围,入境,123166,25895,1187,150248
2026-04,香园围,出境,177629,18705,1294,197628
2026-04,高铁西九龙,入境,73423,90066,9385,172874
2026-04,高铁西九龙,出境,245510,65345,10096,320951
