日期,口岸,出入境,香港居民,内地访客,其他访客,旅客总和,私家车,旅游巴士,跨境穿梭巴士,货车及货柜车
2021-01,中国客运码头,入境,0,0,0,0,0,0,0,0
2021-01,中国客运码头,出境,0,0,0,0,0,0,0,0
2021-01,启德邮轮码头,入境,0,0,0,0,0,0,0,0
2021-01,启德邮轮码头,出境,0,0,0,0,0,0,0,0
2021-01,屯门客运码头,入境,0,0,0,0,0,0,0,0
2021-01,屯门客运码头,出境,0,0,0,0,0,0,0,0
2021-01,文锦渡,入境,0,0,0,0,0,0,0,50974
2021-01,文锦渡,出境,0,0,0,0,0,0,0,40116
2021-01,机场,入境,16292,114,518,16924,0,0,0,0
2021-01,机场,出境,27182,484,1214,28880,0,0,0,0
2021-01,沙头角,入境,0,0,0,0,0,0,0,8866
2021-01,沙头角,出境,0,0,0,0,0,0,0,12649
2021-01,深圳湾,入境,29270,2405,62,31737,158,109,0,82568
2021-01,深圳湾,出境,43250,3674,82,47006,274,32,0,74296
2021-01,港口管制,入境,0,0,0,0,0,0,0,0
2021-01,港口管制,出境,0,0,0,0,0,0,0,0
2021-01,港澳客轮码头,入境,0,0,0,0,0,0,0,0
2021-01,港澳客轮码头,出境,0,0,0,0,0,0,0,0
2021-01,港珠澳大桥,入境,3109,103,122,3334,80,0,586,5540
2021-01,港珠澳大桥,出境,5800,252,56,6108,28,1,577,6163
2021-01,红磡,入境,0,0,0,0,0,0,0,0
2021-01,红磡,出境,0,0,0,0,0,0,0,0
2021-01,罗湖,入境,0,0,0,0,0,0,0,0
2021-01,罗湖,出境,0,0,0,0,0,0,0,0
2021-01,落马洲,入境,0,0,0,0,0,0,0,127206
2021-01,落马洲,出境,0,0,0,0,0,0,0,131457
2021-01,落马洲支线,入境,0,0,0,0,0,0,0,0
2021-01,落马洲支线,出境,0,0,0,0,0,0,0,0
2021-01,香园围,入境,0,0,0,0,0,0,0,6086
2021-01,香园围,出境,0,0,0,0,0,0,0,16383
2021-01,高铁西九龙,入境,0,0,0,0,0,0,0,0
2021-01,高铁西九龙,出境,0,0,0,0,0,0,0,0
2021-02,中国客运码头,入境,0,0,0,0,0,0,0,0
2021-02,中国客运码头,出境,0,0,0,0,0,0,0,0
2021-02,启德邮轮码头,入境,0,0,0,0,0,0,0,0
2021-02,启德邮轮码头,出境,0,0,0,0,0,0,0,0
2021-02,屯门客运码头,入境,0,0,0,0,0,0,0,0
2021-02,屯门客运码头,出境,0,0,0,0,0,0,0,0
2021-02,文锦渡,入境,0,0,0,0,0,0,0,26616
2021-02,文锦渡,出境,0,0,0,0,0,0,0,20982
2021-02,机场,入境,12804,93,423,13320,0,0,0,0
2021-02,机场,出境,16952,234,975,18161,0,0,0,0
2021-02,沙头角,入境,0,0,0,0,0,0,0,4397
2021-02,沙头角,出境,0,0,0,0,0,0,0,7205
2021-02,深圳湾,入境,48855,3343,51,52249,161,116,0,61018
2021-02,深圳湾,出境,15789,1478,42,17309,231,105,0,62878
2021-02,港口管制,入境,0,0,0,0,0,0,0,0
2021-02,港口管制,出境,0,0,0,0,0,0,0,0
2021-02,港澳客轮码头,入境,0,0,0,0,0,0,0,0
2021-02,港澳客轮码头,出境,0,0,0,0,0,0,0,0
2021-02,港珠澳大桥,入境,4987,157,196,5340,64,1,566,4015
2021-02,港珠澳大桥,出境,3215,180,26,3421,11,1,566,4060
2021-02,红磡,入境,0,0,0,0,0,0,0,0
2021-02,红磡,出境,0,0,0,0,0,0,0,0
2021-02,罗湖,入境,0,0,0,0,0,0,0,0
2021-02,罗湖,出境,0,0,0,0,0,0,0,0
2021-02,落马洲,入境,0,0,0,0,0,0,0,62274
2021-02,落马洲,出境,0,0,0,0,0,0,0,57985
2021-02,落马洲支线,入境,0,0,0,0,0,0,0,0
2021-02,落马洲支线,出境,0,0,0,0,0,0,0,0
2021-02,香园围,入境,0,0,0,0,0,0,0,7114
2021-02,香园围,出境,0,0,0,0,0,0,0,12327
2021-02,高铁西九龙,入境,0,0,0,0,0,0,0,0
2021-02,高铁西九龙,出境,0,0,0,0,0,0,0,0
2021-03,中国客运码头,入境,0,0,0,0,0,0,0,0
2021-03,中国客运码头,出境,0,0,0,0,0,0,0,0
2021-03,启德邮轮码头,入境,0,0,0,0,0,0,0,0
2021-03,启德邮轮码头,出境,0,0,0,0,0,0,0,0
2021-03,屯门客运码头,入境,0,0,0,0,0,0,0,0
2021-03,屯门客运码头,出境,0,0,0,0,0,0,0,0
2021-03,文锦渡,入境,0,0,0,0,0,0,0,27897
2021-03,文锦渡,出境,0,0,0,0,0,0,0,24994
2021-03,机场,入境,12938,126,518,13582,0,0,0,0
2021-03,机场,出境,20619,378,863,21860,0,0,0,0
2021-03,沙头角,入境,0,0,0,0,0,0,0,8557
2021-03,沙头角,出境,0,0,0,0,0,0,0,13637
2021-03,深圳湾,入境,40374,4155,53,44582,123,61,0,98782
2021-03,深圳湾,出境,20510,2605,59,23174,300,26,0,112807
2021-03,港口管制,入境,0,0,0,0,0,0,0,0
2021-03,港口管制,出境,0,0,0,0,0,0,0,0
2021-03,港澳客轮码头,入境,0,0,0,0,0,0,0,0
2021-03,港澳客轮码头,出境,0,0,0,0,0,0,0,0
2021-03,港珠澳大桥,入境,3371,156,95,3622,43,0,616,5551
2021-03,港珠澳大桥,出境,3641,275,55,3971,5,0,615,6005
2021-03,红磡,入境,0,0,0,0,0,0,0,0
2021-03,红磡,出境,0,0,0,0,0,0,0,0
2021-03,罗湖,入境,0,0,0,0,0,0,0,0
2021-03,罗湖,出境,0,0,0,0,0,0,0,0
2021-03,落马洲,入境,0,0,0,0,0,0,0,92031
2021-03,落马洲,出境,0,0,0,0,0,0,0,69748
2021-03,落马洲支线,入境,0,0,0,0,0,0,0,0
2021-03,落马洲支线,出境,0,0,0,0,0,0,0,0
2021-03,香园围,入境,0,0,0,0,0,0,0,21777
2021-03,香园围,出境,0,0,0,0,0,0,0,27741
2021-03,高铁西九龙,入境,0,0,0,0,0,0,0,0
2021-03,高铁西九龙,出境,0,0,0,0,0,0,0,0
2021-04,中国客运码头,入境,0,0,0,0,0,0,0,0
2021-04,中国客运码头,出境,0,0,0,0,0,0,0,0
2021-04,启德邮轮码头,入境,0,0,0,0,0,0,0,0
2021-04,启德邮轮码头,出境,0,0,0,0,0,0,0,0
2021-04,屯门客运码头,入境,0,0,0,0,0,0,0,0
2021-04,屯门客运码头,出境,0,0,0,0,0,0,0,0
2021-04,文锦渡,入境,0,0,0,0,0,0,0,29968
2021-04,文锦渡,出境,0,0,0,0,0,0,0,27868
2021-04,机场,入境,11761,110,517,12388,0,0,0,0
2021-04,机场,出境,21413,259,964,22636,0,0,0,0
2021-04,沙头角,入境,0,0,0,0,0,0,0,8015
2021-04,沙头角,出境,0,0,0,0,0,0,0,12969
2021-04,深圳湾,入境,34236,3459,58,37753,131,76,0,95818
2021-04,深圳湾,出境,23430,2733,57,26220,277,25,0,112512
2021-04,港口管制,入境,0,0,0,0,0,0,0,0
2021-04,港口管制,出境,0,0,0,0,0,0,0,0
2021-04,港澳客轮码头,入境,0,0,0,0,0,0,0,0
2021-04,港澳客轮码头,出境,0,0,0,0,0,0,0,0
2021-04,港珠澳大桥,入境,3186,121,173,3480,43,0,434,5306
2021-04,港珠澳大桥,出境,3611,225,55,3891,9,0,447,5737
2021-04,红磡,入境,0,0,0,0,0,0,0,0
2021-04,红磡,出境,0,0,0,0,0,0,0,0
2021-04,罗湖,入境,0,0,0,0,0,0,0,0
2021-04,罗湖,出境,0,0,0,0,0,0,0,0
2021-04,落马洲,入境,0,0,0,0,0,0,0,87602
2021-04,落马洲,出境,0,0,0,0,0,0,0,63413
2021-04,落马洲支线,入境,0,0,0,0,0,0,0,0
2021-04,落马洲支线,出境,0,0,0,0,0,0,0,0
2021-04,香园围,入境,0,0,0,0,0,0,0,20457
2021-04,香园围,出境,0,0,0,0,0,0,0,24510
2021-04,高铁西九龙,入境,0,0,0,0,0,0,0,0
2021-04,高铁西九龙,出境,0,0,0,0,0,0,0,0
2021-05,中国客运码头,入境,0,0,0,0,0,0,0,0
2021-05,中国客运码头,出境,0,0,0,0,0,0,0,0
2021-05,启德邮轮码头,入境,0,0,0,0,0,0,0,0
2021-05,启德邮轮码头,出境,0,0,0,0,0,0,0,0
2021-05,屯门客运码头,入境,0,0,0,0,0,0,0,0
2021-05,屯门客运码头,出境,0,0,0,0,0,0,0,0
2021-05,文锦渡,入境,0,0,0,0,0,0,0,33599
2021-05,文锦渡,出境,0,0,0,0,0,0,0,31245
2021-05,机场,入境,14930,154,563,15647,0,0,0,0
2021-05,机场,出境,25239,267,1104,26610,0,0,0,0
2021-05,沙头角,入境,0,0,0,0,0,0,0,7401
2021-05,沙头角,出境,0,0,0,0,0,0,0,13309
2021-05,深圳湾,入境,30516,3304,54,33874,135,77,0,101080
2021-05,深圳湾,出境,25632,3040,64,28736,252,62,0,117890
2021-05,港口管制,入境,0,0,0,0,0,0,0,0
2021-05,港口管制,出境,0,0,0,0,0,0,0,0
2021-05,港澳客轮码头,入境,0,0,0,0,0,0,0,0
2021-05,港澳客轮码头,出境,0,0,0,0,0,0,0,0
2021-05,港珠澳大桥,入境,3282,132,157,3571,55,4,471,5178
2021-05,港珠澳大桥,出境,5293,328,75,5696,15,3,462,5431
2021-05,红磡,入境,0,0,0,0,0,0,0,0
2021-05,红磡,出境,0,0,0,0,0,0,0,0
2021-05,罗湖,入境,0,0,0,0,0,0,0,0
2021-05,罗湖,出境,0,0,0,0,0,0,0,0
2021-05,落马洲,入境,0,0,0,0,0,0,0,82351
2021-05,落马洲,出境,0,0,0,0,0,0,0,58963
2021-05,落马洲支线,入境,0,0,0,0,0,0,0,0
2021-05,落马洲支线,出境,0,0,0,0,0,0,0,0
2021-05,香园围,入境,0,0,0,0,0,0,0,19387
2021-05,香园围,出境,0,0,0,0,0,0,0,22104
2021-05,高铁西九龙,入境,0,0,0,0,0,0,0,0
2021-05,高铁西九龙,出境,0,0,0,0,0,0,0,0
2021-06,中国客运码头,入境,0,0,0,0,0,0,0,0
2021-06,中国客运码头,出境,0,0,0,0,0,0,0,0
2021-06,启德邮轮码头,入境,0,0,0,0,0,0,0,0
2021-06,启德邮轮码头,出境,0,0,0,0,0,0,0,0
2021-06,屯门客运码头,入境,0,0,0,0,0,0,0,0
2021-06,屯门客运码头,出境,0,0,0,0,0,0,0,0
2021-06,文锦渡,入境,0,0,0,0,0,0,0,35992
2021-06,文锦渡,出境,0,0,0,0,0,0,0,34766
2021-06,机场,入境,21663,565,390,22618,0,0,0,0
2021-06,机场,出境,35352,639,837,36828,0,0,0,0
2021-06,沙头角,入境,0,0,0,0,0,0,0,7386
2021-06,沙头角,出境,0,0,0,0,0,0,0,14990
2021-06,深圳湾,入境,24698,3453,53,28204,80,106,0,101781
2021-06,深圳湾,出境,18425,3181,52,21658,133,94,0,126129
2021-06,港口管制,入境,0,0,0,0,0,0,0,0
2021-06,港口管制,出境,0,0,0,0,0,0,0,0
2021-06,港澳客轮码头,入境,0,0,0,0,0,0,0,0
2021-06,港澳客轮码头,出境,0,0,0,0,0,0,0,0
2021-06,港珠澳大桥,入境,3993,194,139,4326,59,4,474,5828
2021-06,港珠澳大桥,出境,5716,482,82,6280,17,2,448,6301
2021-06,红磡,入境,0,0,0,0,0,0,0,0
2021-06,红磡,出境,0,0,0,0,0,0,0,0
2021-06,罗湖,入境,0,0,0,0,0,0,0,0
2021-06,罗湖,出境,0,0,0,0,0,0,0,0
2021-06,落马洲,入境,0,0,0,0,0,0,0,95924
2021-06,落马洲,出境,0,0,0,0,0,0,0,61153
2021-06,落马洲支线,入境,0,0,0,0,0,0,0,0
2021-06,落马洲支线,出境,0,0,0,0,0,0,0,0
2021-06,香园围,入境,0,0,0,0,0,0,0,20339
2021-06,香园围,出境,0,0,0,0,0,0,0,23293
2021-06,高铁西九龙,入境,0,0,0,0,0,0,0,0
2021-06,高铁西九龙,出境,0,0,0,0,0,0,0,0
2021-07,中国客运码头,入境,0,0,0,0,0,0,0,0
2021-07,中国客运码头,出境,0,0,0,0,0,0,0,0
2021-07,启德邮轮码头,入境,0,0,0,0,0,0,0,0
2021-07,启德邮轮码头,出境,1014,0,0,1014,0,0,0,0
2021-07,屯门客运码头,入境,0,0,0,0,0,0,0,0
2021-07,屯门客运码头,出境,0,0,0,0,0,0,0,0
2021-07,文锦渡,入境,0,0,0,0,0,0,0,34888
2021-07,文锦渡,出境,0,0,0,0,0,0,0,33100
2021-07,机场,入境,20397,525,444,21366,0,0,0,0
2021-07,机场,出境,49832,753,698,51283,0,0,0,0
2021-07,沙头角,入境,0,0,0,0,0,0,0,8092
2021-07,沙头角,出境,0,0,0,0,0,0,0,14841
2021-07,深圳湾,入境,35800,4331,105,40236,125,45,0,102222
2021-07,深圳湾,出境,38373,5491,63,43927,183,91,0,123358
2021-07,港口管制,入境,0,0,0,0,0,0,0,0
2021-07,港口管制,出境,0,0,0,0,0,0,0,0
2021-07,港澳客轮码头,入境,0,0,0,0,0,0,0,0
2021-07,港澳客轮码头,出境,0,0,0,0,0,0,0,0
2021-07,港珠澳大桥,入境,5088,280,149,5517,74,3,494,6087
2021-07,港珠澳大桥,出境,8802,578,93,9473,29,3,497,6331
2021-07,红磡,入境,0,0,0,0,0,0,0,0
2021-07,红磡,出境,0,0,0,0,0,0,0,0
2021-07,罗湖,入境,0,0,0,0,0,0,0,0
2021-07,罗湖,出境,0,0,0,0,0,0,0,0
2021-07,落马洲,入境,0,0,0,0,0,0,0,90914
2021-07,落马洲,出境,0,0,0,0,0,0,0,61486
2021-07,落马洲支线,入境,0,0,0,0,0,0,0,0
2021-07,落马洲支线,出境,0,0,0,0,0,0,0,0
2021-07,香园围,入境,0,0,0,0,0,0,0,22584
2021-07,香园围,出境,0,0,0,0,0,0,0,25090
2021-07,高铁西九龙,入境,0,0,0,0,0,0,0,0
2021-07,高铁西九龙,出境,0,0,0,0,0,0,0,0
2021-08,中国客运码头,入境,0,0,0,0,0,0,0,0
2021-08,中国客运码头,出境,0,0,0,0,0,0,0,0
2021-08,启德邮轮码头,入境,17046,0,0,17046,0,0,0,0
2021-08,启德邮轮码头,出境,17034,0,0,17034,0,0,0,0
2021-08,屯门客运码头,入境,0,0,0,0,0,0,0,0
2021-08,屯门客运码头,出境,0,0,0,0,0,0,0,0
2021-08,文锦渡,入境,0,0,0,0,0,0,0,34637
2021-08,文锦渡,出境,0,0,0,0,0,0,0,33413
2021-08,机场,入境,29916,386,875,31177,0,0,0,0
2021-08,机场,出境,46973,523,812,48308,0,0,0,0
2021-08,沙头角,入境,0,0,0,0,0,0,0,8656
2021-08,沙头角,出境,0,0,0,0,0,0,0,14928
2021-08,深圳湾,入境,75072,7150,144,82366,188,59,0,106664
2021-08,深圳湾,出境,28580,3481,92,32153,182,39,0,125988
2021-08,港口管制,入境,0,0,0,0,0,0,0,0
2021-08,港口管制,出境,0,0,0,0,0,0,0,0
2021-08,港澳客轮码头,入境,0,0,0,0,0,0,0,0
2021-08,港澳客轮码头,出境,0,0,0,0,0,0,0,0
2021-08,港珠澳大桥,入境,5752,299,182,6233,50,0,428,6182
2021-08,港珠澳大桥,出境,5465,302,117,5884,14,0,426,6436
2021-08,红磡,入境,0,0,0,0,0,0,0,0
2021-08,红磡,出境,0,0,0,0,0,0,0,0
2021-08,罗湖,入境,0,0,0,0,0,0,0,0
2021-08,罗湖,出境,0,0,0,0,0,0,0,0
2021-08,落马洲,入境,0,0,0,0,0,0,0,87866
2021-08,落马洲,出境,0,0,0,0,0,0,0,60487
2021-08,落马洲支线,入境,0,0,0,0,0,0,0,0
2021-08,落马洲支线,出境,0,0,0,0,0,0,0,0
2021-08,香园围,入境,0,0,0,0,0,0,0,23509
2021-08,香园围,出境,0,0,0,0,0,0,0,26339
2021-08,高铁西九龙,入境,0,0,0,0,0,0,0,0
2021-08,高铁西九龙,出境,0,0,0,0,0,0,0,0
2021-09,中国客运码头,入境,0,0,0,0,0,0,0,0
2021-09,中国客运码头,出境,0,0,0,0,0,0,0,0
2021-09,启德邮轮码头,入境,17369,0,0,17369,0,0,0,0
2021-09,启德邮轮码头,出境,17984,0,0,17984,0,0,0,0
2021-09,屯门客运码头,入境,0,0,0,0,0,0,0,0
2021-09,屯门客运码头,出境,0,0,0,0,0,0,0,0
2021-09,文锦渡,入境,0,0,0,0,0,0,0,34290
2021-09,文锦渡,出境,0,0,0,0,0,0,0,34387
2021-09,机场,入境,23575,296,964,24835,0,0,0,0
2021-09,机场,出境,44049,766,1073,45888,0,0,0,0
2021-09,沙头角,入境,0,0,0,0,0,0,0,8150
2021-09,沙头角,出境,0,0,0,0,0,0,0,14209
2021-09,深圳湾,入境,39387,5649,210,45246,215,78,0,104749
2021-09,深圳湾,出境,21446,2927,125,24498,261,33,0,120845
2021-09,港口管制,入境,0,0,0,0,0,0,0,0
2021-09,港口管制,出境,0,0,0,0,0,0,0,0
2021-09,港澳客轮码头,入境,0,0,0,0,0,0,0,0
2021-09,港澳客轮码头,出境,0,0,0,0,0,0,0,0
2021-09,港珠澳大桥,入境,4266,417,265,4948,73,0,498,6084
2021-09,港珠澳大桥,出境,5868,369,131,6368,26,0,522,6383
2021-09,红磡,入境,0,0,0,0,0,0,0,0
2021-09,红磡,出境,0,0,0,0,0,0,0,0
2021-09,罗湖,入境,0,0,0,0,0,0,0,0
2021-09,罗湖,出境,0,0,0,0,0,0,0,0
2021-09,落马洲,入境,0,0,0,0,0,0,0,86977
2021-09,落马洲,出境,0,0,0,0,0,0,0,61668
2021-09,落马洲支线,入境,0,0,0,0,0,0,0,0
2021-09,落马洲支线,出境,0,0,0,0,0,0,0,0
2021-09,香园围,入境,0,0,0,0,0,0,0,23365
2021-09,香园围,出境,0,0,0,0,0,0,0,25923
2021-09,高铁西九龙,入境,0,0,0,0,0,0,0,0
2021-09,高铁西九龙,出境,0,0,0,0,0,0,0,0
2021-10,中国客运码头,入境,0,0,0,0,0,0,0,0
2021-10,中国客运码头,出境,0,0,0,0,0,0,0,0
2021-10,启德邮轮码头,入境,25404,0,0,25404,0,0,0,0
2021-10,启德邮轮码头,出境,25409,0,0,25409,0,0,0,0
2021-10,屯门客运码头,入境,0,0,0,0,0,0,0,0
2021-10,屯门客运码头,出境,0,0,0,0,0,0,0,0
2021-10,文锦渡,入境,0,0,0,0,0,0,0,33589
2021-10,文锦渡,出境,0,0,0,0,0,0,0,34055
2021-10,机场,入境,23552,272,1196,25020,0,0,0,0
2021-10,机场,出境,31462,954,1107,33523,0,0,0,0
2021-10,沙头角,入境,0,0,0,0,0,0,0,7229
2021-10,沙头角,出境,0,0,0,0,0,0,0,11618
2021-10,深圳湾,入境,26730,5460,314,32504,176,70,0,101433
2021-10,深圳湾,出境,21352,3142,95,24589,191,45,0,114710
2021-10,港口管制,入境,0,0,0,0,0,0,0,0
2021-10,港口管制,出境,0,0,0,0,0,0,0,0
2021-10,港澳客轮码头,入境,0,0,0,0,0,0,0,0
2021-10,港澳客轮码头,出境,0,0,0,0,0,0,0,0
2021-10,港珠澳大桥,入境,2840,363,151,3354,52,6,524,5699
2021-10,港珠澳大桥,出境,5025,440,145,5610,22,6,515,5859
2021-10,红磡,入境,0,0,0,0,0,0,0,0
2021-10,红磡,出境,0,0,0,0,0,0,0,0
2021-10,罗湖,入境,0,0,0,0,0,0,0,0
2021-10,罗湖,出境,0,0,0,0,0,0,0,0
2021-10,落马洲,入境,0,0,0,0,0,0,0,73628
2021-10,落马洲,出境,0,0,0,0,0,0,0,53608
2021-10,落马洲支线,入境,0,0,0,0,0,0,0,0
2021-10,落马洲支线,出境,0,0,0,0,0,0,0,0
2021-10,香园围,入境,0,0,0,0,0,0,0,20496
2021-10,香园围,出境,0,0,0,0,0,0,0,21944
2021-10,高铁西九龙,入境,0,0,0,0,0,0,0,0
2021-10,高铁西九龙,出境,0,0,0,0,0,0,0,0
2021-11,中国客运码头,入境,0,0,0,0,0,0,0,0
2021-11,中国客运码头,出境,0,0,0,0,0,0,0,0
2021-11,启德邮轮码头,入境,23701,0,0,23701,0,0,0,0
2021-11,启德邮轮码头,出境,24878,0,0,24878,0,0,0,0
2021-11,屯门客运码头,入境,0,0,0,0,0,0,0,0
2021-11,屯门客运码头,出境,0,0,0,0,0,0,0,0
2021-11,文锦渡,入境,0,0,0,0,0,0,0,35466
2021-11,文锦渡,出境,0,0,0,0,0,0,0,35070
2021-11,机场,入境,23584,596,1290,25470,0,0,0,0
2021-11,机场,出境,29680,837,1344,31861,0,0,0,0
2021-11,沙头角,入境,0,0,0,0,0,0,0,8665
2021-11,沙头角,出境,0,0,0,0,0,0,0,14109
2021-11,深圳湾,入境,26141,4778,263,31182,242,133,0,109408
2021-11,深圳湾,出境,20334,3353,89,23776,275,99,0,125059
2021-11,港口管制,入境,0,0,0,0,0,0,0,0
2021-11,港口管制,出境,0,0,0,0,0,0,0,0
2021-11,港澳客轮码头,入境,0,0,0,0,0,0,0,0
2021-11,港澳客轮码头,出境,0,0,0,0,0,0,0,0
2021-11,港珠澳大桥,入境,3116,298,362,3776,64,0,557,6467
2021-11,港珠澳大桥,出境,4619,481,186,5286,24,0,560,6576
2021-11,红磡,入境,0,0,0,0,0,0,0,0
2021-11,红磡,出境,0,0,0,0,0,0,0,0
2021-11,罗湖,入境,0,0,0,0,0,0,0,0
2021-11,罗湖,出境,0,0,0,0,0,0,0,0
2021-11,落马洲,入境,0,0,0,0,0,0,0,83688
2021-11,落马洲,出境,0,0,0,0,0,0,0,61033
2021-11,落马洲支线,入境,0,0,0,0,0,0,0,0
2021-11,落马洲支线,出境,0,0,0,0,0,0,0,0
2021-11,香园围,入境,0,0,0,0,0,0,0,23375
2021-11,香园围,出境,0,0,0,0,0,0,0,25322
2021-11,高铁西九龙,入境,0,0,0,0,0,0,0,0
2021-11,高铁西九龙,出境,0,0,0,0,0,0,0,0
2021-12,中国客运码头,入境,0,0,0,0,0,0,0,0
2021-12,中国客运码头,出境,0,0,0,0,0,0,0,0
2021-12,启德邮轮码头,入境,40675,0,0,40675,0,0,0,0
2021-12,启德邮轮码头,出境,42499,0,0,42499,0,0,0,0
2021-12,屯门客运码头,入境,0,0,0,0,0,0,0,0
2021-12,屯门客运码头,出境,0,0,0,0,0,0,0,0
2021-12,文锦渡,入境,0,0,0,0,0,0,0,37931
2021-12,文锦渡,出境,0,0,0,0,0,0,0,39460
2021-12,机场,入境,25892,401,976,27269,0,0,0,0
2021-12,机场,出境,41999,703,1623,44325,0,0,0,0
2021-12,沙头角,入境,0,0,0,0,0,0,0,8979
2021-12,沙头角,出境,0,0,0,0,0,0,0,14089
2021-12,深圳湾,入境,26402,5170,395,31967,278,89,0,114639
2021-12,深圳湾,出境,24473,4020,104,28597,305,53,0,129763
2021-12,港口管制,入境,0,0,0,0,0,0,0,0
2021-12,港口管制,出境,0,0,0,0,0,0,0,0
2021-12,港澳客轮码头,入境,0,0,0,0,0,0,0,0
2021-12,港澳客轮码头,出境,0,0,0,0,0,0,0,0
2021-12,港珠澳大桥,入境,3814,337,519,4670,67,2,577,7035
2021-12,港珠澳大桥,出境,5207,632,202,6041,19,2,576,7061
2021-12,红磡,入境,0,0,0,0,0,0,0,0
2021-12,红磡,出境,0,0,0,0,0,0,0,0
2021-12,罗湖,入境,5090,0,0,5090,0,0,0,0
2021-12,罗湖,出境,5089,0,0,5089,0,0,0,0
2021-12,落马洲,入境,0,0,0,0,0,0,0,86173
2021-12,落马洲,出境,0,0,0,0,0,0,0,63105
2021-12,落马洲支线,入境,6978,0,0,6978,0,0,0,0
2021-12,落马洲支线,出境,6977,0,0,6977,0,0,0,0
2021-12,香园围,入境,5235,0,0,5235,0,0,0,24077
2021-12,香园围,出境,5235,0,0,5235,0,0,0,25016
2021-12,高铁西九龙,入境,0,0,0,0,0,0,0,0
2021-12,高铁西九龙,出境,0,0,0,0,0,0,0,0
2022-01,中国客运码头,入境,0,0,0,0,0,0,0,0
2022-01,中国客运码头,出境,0,0,0,0,0,0,0,0
2022-01,启德邮轮码头,入境,8233,0,0,8233,0,0,0,0
2022-01,启德邮轮码头,出境,3610,0,0,3610,0,0,0,0
2022-01,屯门客运码头,入境,0,0,0,0,0,0,0,0
2022-01,屯门客运码头,出境,0,0,0,0,0,0,0,0
2022-01,文锦渡,入境,0,0,0,0,0,0,0,38320
2022-01,文锦渡,出境,0,0,0,0,0,0,0,39649
2022-01,机场,入境,14982,441,452,15875,0,0,0,0
2022-01,机场,出境,33826,881,1434,36141,0,0,0,0
2022-01,沙头角,入境,0,0,0,0,0,0,0,7819
2022-01,沙头角,出境,0,0,0,0,0,0,0,13438
2022-01,深圳湾,入境,30329,4846,304,35479,168,51,0,110617
2022-01,深圳湾,出境,29132,4334,112,33578,199,17,0,126212
2022-01,港口管制,入境,0,0,0,0,0,0,0,0
2022-01,港口管制,出境,0,0,0,0,0,0,0,0
2022-01,港澳客轮码头,入境,0,0,0,0,0,0,0,0
2022-01,港澳客轮码头,出境,0,0,0,0,0,0,0,0
2022-01,港珠澳大桥,入境,3030,218,306,3554,50,0,438,6828
2022-01,港珠澳大桥,出境,4611,239,214,5064,26,0,429,6943
2022-01,红磡,入境,0,0,0,0,0,0,0,0
2022-01,红磡,出境,0,0,0,0,0,0,0,0
2022-01,罗湖,入境,0,0,0,0,0,0,0,0
2022-01,罗湖,出境,0,0,0,0,0,0,0,0
2022-01,落马洲,入境,0,0,0,0,0,0,0,79132
2022-01,落马洲,出境,0,0,0,0,0,0,0,53400
2022-01,落马洲支线,入境,0,0,0,0,0,0,0,0
2022-01,落马洲支线,出境,0,0,0,0,0,0,0,0
2022-01,香园围,入境,0,0,0,0,0,0,0,19731
2022-01,香园围,出境,0,0,0,0,0,0,0,22176
2022-01,高铁西九龙,入境,0,0,0,0,0,0,0,0
2022-01,高铁西九龙,出境,0,0,0,0,0,0,0,0
2022-02,中国客运码头,入境,0,0,0,0,0,0,0,0
2022-02,中国客运码头,出境,0,0,0,0,0,0,0,0
2022-02,启德邮轮码头,入境,0,0,0,0,0,0,0,0
2022-02,启德邮轮码头,出境,0,0,0,0,0,0,0,0
2022-02,屯门客运码头,入境,0,0,0,0,0,0,0,0
2022-02,屯门客运码头,出境,0,0,0,0,0,0,0,0
2022-02,文锦渡,入境,0,0,0,0,0,0,0,12319
2022-02,文锦渡,出境,0,0,0,0,0,0,0,10733
2022-02,机场,入境,9872,107,340,10319,0,0,0,0
2022-02,机场,出境,52946,2101,932,55979,0,0,0,0
2022-02,沙头角,入境,0,0,0,0,0,0,0,2636
2022-02,沙头角,出境,0,0,0,0,0,0,0,4774
2022-02,深圳湾,入境,9539,1231,70,10840,85,43,0,61655
2022-02,深圳湾,出境,26525,4332,68,30925,84,34,0,66494
2022-02,港口管制,入境,0,0,0,0,0,0,0,0
2022-02,港口管制,出境,0,0,0,0,0,0,0,0
2022-02,港澳客轮码头,入境,0,0,0,0,0,0,0,0
2022-02,港澳客轮码头,出境,0,0,0,0,0,0,0,0
2022-02,港珠澳大桥,入境,1238,87,197,1522,26,0,536,4172
2022-02,港珠澳大桥,出境,6473,569,89,7131,28,0,551,3962
2022-02,红磡,入境,0,0,0,0,0,0,0,0
2022-02,红磡,出境,0,0,0,0,0,0,0,0
2022-02,罗湖,入境,0,0,0,0,0,0,0,0
2022-02,罗湖,出境,0,0,0,0,0,0,0,0
2022-02,落马洲,入境,0,0,0,0,0,0,0,31756
2022-02,落马洲,出境,0,0,0,0,0,0,0,26011
2022-02,落马洲支线,入境,0,0,0,0,0,0,0,0
2022-02,落马洲支线,出境,0,0,0,0,0,0,0,0
2022-02,香园围,入境,0,0,0,0,0,0,0,8307
2022-02,香园围,出境,0,0,0,0,0,0,0,9341
2022-02,高铁西九龙,入境,0,0,0,0,0,0,0,0
2022-02,高铁西九龙,出境,0,0,0,0,0,0,0,0
2022-03,中国客运码头,入境,0,0,0,0,0,0,0,0
2022-03,中国客运码头,出境,0,0,0,0,0,0,0,0
2022-03,启德邮轮码头,入境,0,0,0,0,0,0,0,0
2022-03,启德邮轮码头,出境,0,0,0,0,0,0,0,0
2022-03,屯门客运码头,入境,0,0,0,0,0,0,0,0
2022-03,屯门客运码头,出境,0,0,0,0,0,0,0,0
2022-03,文锦渡,入境,0,0,0,0,0,0,0,13389
2022-03,文锦渡,出境,0,0,0,0,0,0,0,12887
2022-03,机场,入境,8570,81,272,8923,0,0,0,0
2022-03,机场,出境,64514,1494,1059,67067,0,0,0,0
2022-03,沙头角,入境,0,0,0,0,0,0,0,910
2022-03,沙头角,出境,0,0,0,0,0,0,0,2083
2022-03,深圳湾,入境,5444,684,41,6169,45,13,0,27677
2022-03,深圳湾,出境,11370,1776,20,13166,61,40,0,28473
2022-03,港口管制,入境,0,0,0,0,0,0,0,0
2022-03,港口管制,出境,0,0,0,0,0,0,0,0
2022-03,港澳客轮码头,入境,0,0,0,0,0,0,0,0
2022-03,港澳客轮码头,出境,0,0,0,0,0,0,0,0
2022-03,港珠澳大桥,入境,1071,112,100,1283,11,0,335,4126
2022-03,港珠澳大桥,出境,5836,641,53,6530,4,0,336,4334
2022-03,红磡,入境,0,0,0,0,0,0,0,0
2022-03,红磡,出境,0,0,0,0,0,0,0,0
2022-03,罗湖,入境,0,0,0,0,0,0,0,0
2022-03,罗湖,出境,0,0,0,0,0,0,0,0
2022-03,落马洲,入境,0,0,0,0,0,0,0,16654
2022-03,落马洲,出境,0,0,0,0,0,0,0,14111
2022-03,落马洲支线,入境,0,0,0,0,0,0,0,0
2022-03,落马洲支线,出境,0,0,0,0,0,0,0,0
2022-03,香园围,入境,301,0,0,301,0,0,0,5247
2022-03,香园围,出境,0,0,0,0,0,0,0,6010
2022-03,高铁西九龙,入境,0,0,0,0,0,0,0,0
2022-03,高铁西九龙,出境,0,0,0,0,0,0,0,0
2022-04,中国客运码头,入境,0,0,0,0,0,0,0,0
2022-04,中国客运码头,出境,0,0,0,0,0,0,0,0
2022-04,启德邮轮码头,入境,0,0,0,0,0,0,0,0
2022-04,启德邮轮码头,出境,0,0,0,0,0,0,0,0
2022-04,屯门客运码头,入境,0,0,0,0,0,0,0,0
2022-04,屯门客运码头,出境,0,0,0,0,0,0,0,0
2022-04,文锦渡,入境,0,0,0,0,0,0,0,20133
2022-04,文锦渡,出境,0,0,0,0,0,0,0,20147
2022-04,机场,入境,41891,276,463,42630,0,0,0,0
2022-04,机场,出境,51847,823,903,53573,0,0,0,0
2022-04,沙头角,入境,0,0,0,0,0,0,0,4
2022-04,沙头角,出境,0,0,0,0,0,0,0,1
2022-04,深圳湾,入境,22163,2163,105,24431,81,22,0,27975
2022-04,深圳湾,出境,9889,1957,33,11879,73,114,0,28083
2022-04,港口管制,入境,0,0,0,0,0,0,0,0
2022-04,港口管制,出境,0,0,0,0,0,0,0,0
2022-04,港澳客轮码头,入境,0,0,0,0,0,0,0,0
2022-04,港澳客轮码头,出境,0,0,0,0,0,0,0,0
2022-04,港珠澳大桥,入境,2447,199,175,2821,37,0,282,4758
2022-04,港珠澳大桥,出境,4620,554,37,5211,6,0,282,4759
2022-04,红磡,入境,0,0,0,0,0,0,0,0
2022-04,红磡,出境,0,0,0,0,0,0,0,0
2022-04,罗湖,入境,0,0,0,0,0,0,0,0
2022-04,罗湖,出境,0,0,0,0,0,0,0,0
2022-04,落马洲,入境,0,0,0,0,0,0,0,14376
2022-04,落马洲,出境,0,0,0,0,0,0,0,14035
2022-04,落马洲支线,入境,0,0,0,0,0,0,0,0
2022-04,落马洲支线,出境,0,0,0,0,0,0,0,0
2022-04,香园围,入境,0,0,0,0,0,0,0,8
2022-04,香园围,出境,0,0,0,0,0,0,0,13
2022-04,高铁西九龙,入境,0,0,0,0,0,0,0,0
2022-04,高铁西九龙,出境,0,0,0,0,0,0,0,0
2022-05,中国客运码头,入境,0,0,0,0,0,0,0,0
2022-05,中国客运码头,出境,0,0,0,0,0,0,0,0
2022-05,启德邮轮码头,入境,0,0,0,0,0,0,0,0
2022-05,启德邮轮码头,出境,0,0,0,0,0,0,0,0
2022-05,屯门客运码头,入境,0,0,0,0,0,0,0,0
2022-05,屯门客运码头,出境,0,0,0,0,0,0,0,0
2022-05,文锦渡,入境,0,0,0,0,0,0,0,25552
2022-05,文锦渡,出境,0,0,0,0,0,0,0,25436
2022-05,机场,入境,58263,8831,3257,70351,0,0,0,0
2022-05,机场,出境,60485,2876,1610,64971,0,0,0,0
2022-05,沙头角,入境,0,0,0,0,0,0,0,1
2022-05,沙头角,出境,0,0,0,0,0,0,0,1
2022-05,深圳湾,入境,34756,4783,261,39800,131,34,0,40922
2022-05,深圳湾,出境,16312,4604,166,21082,126,22,0,41079
2022-05,港口管制,入境,0,0,0,0,0,0,0,0
2022-05,港口管制,出境,0,0,0,0,0,0,0,0
2022-05,港澳客轮码头,入境,0,0,0,0,0,0,0,0
2022-05,港澳客轮码头,出境,0,0,0,0,0,0,0,0
2022-05,港珠澳大桥,入境,3103,296,375,3774,61,0,306,6069
2022-05,港珠澳大桥,出境,4031,672,91,4794,7,0,297,6056
2022-05,红磡,入境,0,0,0,0,0,0,0,0
2022-05,红磡,出境,0,0,0,0,0,0,0,0
2022-05,罗湖,入境,0,0,0,0,0,0,0,0
2022-05,罗湖,出境,0,0,0,0,0,0,0,0
2022-05,落马洲,入境,0,0,0,0,0,0,0,14860
2022-05,落马洲,出境,0,0,0,0,0,0,0,14748
2022-05,落马洲支线,入境,0,0,0,0,0,0,0,0
2022-05,落马洲支线,出境,0,0,0,0,0,0,0,0
2022-05,香园围,入境,0,0,0,0,0,0,0,4586
2022-05,香园围,出境,0,0,0,0,0,0,0,4606
2022-05,高铁西九龙,入境,0,0,0,0,0,0,0,0
2022-05,高铁西九龙,出境,0,0,0,0,0,0,0,0
2022-06,中国客运码头,入境,0,0,0,0,0,0,0,0
2022-06,中国客运码头,出境,0,0,0,0,0,0,0,0
2022-06,启德邮轮码头,入境,0,0,0,0,0,0,0,0
2022-06,启德邮轮码头,出境,0,0,0,0,0,0,0,0
2022-06,屯门客运码头,入境,0,0,0,0,0,0,0,0
2022-06,屯门客运码头,出境,0,0,0,0,0,0,0,0
2022-06,文锦渡,入境,0,0,0,0,0,0,0,27851
2022-06,文锦渡,出境,0,0,0,0,0,0,0,27732
2022-06,机场,入境,68023,30222,4435,102680,0,0,0,0
2022-06,机场,出境,93602,10217,3400,107219,0,0,0,0
2022-06,沙头角,入境,0,0,0,0,0,0,0,0
2022-06,沙头角,出境,0,0,0,0,0,0,0,0
2022-06,深圳湾,入境,25803,4600,257,30660,169,63,0,52935
2022-06,深圳湾,出境,14108,14280,425,28813,153,44,0,53035
2022-06,港口管制,入境,0,0,0,0,0,0,0,0
2022-06,港口管制,出境,0,0,0,0,0,0,0,0
2022-06,港澳客轮码头,入境,0,0,0,0,0,0,0,0
2022-06,港澳客轮码头,出境,0,0,0,0,0,0,0,0
2022-06,港珠澳大桥,入境,2724,250,680,3654,80,0,336,5983
2022-06,港珠澳大桥,出境,4151,3054,220,7425,16,0,339,5986
2022-06,红磡,入境,0,0,0,0,0,0,0,0
2022-06,红磡,出境,0,0,0,0,0,0,0,0
2022-06,罗湖,入境,0,0,0,0,0,0,0,0
2022-06,罗湖,出境,0,0,0,0,0,0,0,0
2022-06,落马洲,入境,0,0,0,0,0,0,0,17310
2022-06,落马洲,出境,0,0,0,0,0,0,0,17122
2022-06,落马洲支线,入境,0,0,0,0,0,0,0,0
2022-06,落马洲支线,出境,0,0,0,0,0,0,0,0
2022-06,香园围,入境,0,0,0,0,0,0,0,10572
2022-06,香园围,出境,0,0,0,0,0,0,0,10617
2022-06,高铁西九龙,入境,0,0,0,0,0,0,0,0
2022-06,高铁西九龙,出境,0,0,0,0,0,0,0,0
2022-07,中国客运码头,入境,0,0,0,0,0,0,0,0
2022-07,中国客运码头,出境,0,0,0,0,0,0,0,0
2022-07,启德邮轮码头,入境,0,0,0,0,0,0,0,0
2022-07,启德邮轮码头,出境,0,0,0,0,0,0,0,0
2022-07,屯门客运码头,入境,0,0,0,0,0,0,0,0
2022-07,屯门客运码头,出境,0,0,0,0,0,0,0,0
2022-07,文锦渡,入境,0,0,0,0,0,0,0,30326
2022-07,文锦渡,出境,0,0,0,0,0,0,0,30220
2022-07,机场,入境,85619,33608,5251,124478,0,0,0,0
2022-07,机场,出境,102411,20371,5606,128388,0,0,0,0
2022-07,沙头角,入境,0,0,0,0,0,0,0,0
2022-07,沙头角,出境,0,0,0,0,0,0,0,0
2022-07,深圳湾,入境,34874,5864,935,41673,114,75,0,47017
2022-07,深圳湾,出境,40695,17693,475,58863,186,52,0,46860
2022-07,港口管制,入境,0,0,0,0,0,0,0,0
2022-07,港口管制,出境,0,0,0,0,0,0,0,0
2022-07,港澳客轮码头,入境,0,0,0,0,0,0,0,0
2022-07,港澳客轮码头,出境,0,0,0,0,0,0,0,0
2022-07,港珠澳大桥,入境,3867,406,1419,5692,83,0,321,7952
2022-07,港珠澳大桥,出境,4100,2641,248,6989,18,0,317,7949
2022-07,红磡,入境,0,0,0,0,0,0,0,0
2022-07,红磡,出境,0,0,0,0,0,0,0,0
2022-07,罗湖,入境,0,0,0,0,0,0,0,0
2022-07,罗湖,出境,0,0,0,0,0,0,0,0
2022-07,落马洲,入境,0,0,0,0,0,0,0,18696
2022-07,落马洲,出境,0,0,0,0,0,0,0,18204
2022-07,落马洲支线,入境,0,0,0,0,0,0,0,0
2022-07,落马洲支线,出境,0,0,0,0,0,0,0,0
2022-07,香园围,入境,0,0,0,0,0,0,0,14238
2022-07,香园围,出境,0,0,0,0,0,0,0,14199
2022-07,高铁西九龙,入境,0,0,0,0,0,0,0,0
2022-07,高铁西九龙,出境,0,0,0,0,0,0,0,0
2022-08,中国客运码头,入境,0,0,0,0,0,0,0,0
2022-08,中国客运码头,出境,0,0,0,0,0,0,0,0
2022-08,启德邮轮码头,入境,0,0,0,0,0,0,0,0
2022-08,启德邮轮码头,出境,0,0,0,0,0,0,0,0
2022-08,屯门客运码头,入境,0,0,0,0,0,0,0,0
2022-08,屯门客运码头,出境,0,0,0,0,0,0,0,0
2022-08,文锦渡,入境,0,0,0,0,0,0,0,22382
2022-08,文锦渡,出境,0,0,0,0,0,0,0,22325
2022-08,机场,入境,125943,38217,9011,173171,0,0,0,0
2022-08,机场,出境,107377,27306,7800,142483,0,0,0,0
2022-08,沙头角,入境,0,0,0,0,0,0,0,0
2022-08,沙头角,出境,0,0,0,0,0,0,0,0
2022-08,深圳湾,入境,73929,8968,776,83673,119,67,0,32114
2022-08,深圳湾,出境,50581,15818,909,67308,148,83,0,32649
2022-08,港口管制,入境,0,0,0,0,0,0,0,0
2022-08,港口管制,出境,0,0,0,0,0,0,0,0
2022-08,港澳客轮码头,入境,0,0,0,0,0,0,0,0
2022-08,港澳客轮码头,出境,0,0,0,0,0,0,0,0
2022-08,港珠澳大桥,入境,8003,774,1134,9911,118,0,465,12050
2022-08,港珠澳大桥,出境,7751,4370,515,12636,43,0,462,12059
2022-08,红磡,入境,0,0,0,0,0,0,0,0
2022-08,红磡,出境,0,0,0,0,0,0,0,0
2022-08,罗湖,入境,0,0,0,0,0,0,0,0
2022-08,罗湖,出境,0,0,0,0,0,0,0,0
2022-08,落马洲,入境,0,0,0,0,0,0,0,18460
2022-08,落马洲,出境,0,0,0,0,0,0,0,18693
2022-08,落马洲支线,入境,0,0,0,0,0,0,0,0
2022-08,落马洲支线,出境,0,0,0,0,0,0,0,0
2022-08,香园围,入境,0,0,0,0,0,0,0,18319
2022-08,香园围,出境,0,0,0,0,0,0,0,18390
2022-08,高铁西九龙,入境,0,0,0,0,0,0,0,0
2022-08,高铁西九龙,出境,0,0,0,0,0,0,0,0
2022-09,中国客运码头,入境,0,0,0,0,0,0,0,0
2022-09,中国客运码头,出境,0,0,0,0,0,0,0,0
2022-09,启德邮轮码头,入境,0,0,0,0,0,0,0,0
2022-09,启德邮轮码头,出境,0,0,0,0,0,0,0,0
2022-09,屯门客运码头,入境,0,0,0,0,0,0,0,0
2022-09,屯门客运码头,出境,0,0,0,0,0,0,0,0
2022-09,文锦渡,入境,0,0,0,0,0,0,0,23139
2022-09,文锦渡,出境,0,0,0,0,0,0,0,23098
2022-09,机场,入境,102753,41005,12446,156204,0,0,0,0
2022-09,机场,出境,123701,36342,11106,171149,0,0,0,0
2022-09,沙头角,入境,0,0,0,0,0,0,0,0
2022-09,沙头角,出境,0,0,0,0,0,0,0,0
2022-09,深圳湾,入境,49616,8466,752,58834,107,41,0,37434
2022-09,深圳湾,出境,33315,12031,981,46327,145,25,0,37523
2022-09,港口管制,入境,0,0,0,0,0,0,0,0
2022-09,港口管制,出境,0,0,0,0,0,0,0,0
2022-09,港澳客轮码头,入境,0,0,0,0,0,0,0,0
2022-09,港澳客轮码头,出境,0,0,0,0,0,0,0,0
2022-09,港珠澳大桥,入境,6713,1520,1210,9443,76,0,444,12985
2022-09,港珠澳大桥,出境,5829,5324,637,11790,25,0,442,13098
2022-09,红磡,入境,0,0,0,0,0,0,0,0
2022-09,红磡,出境,0,0,0,0,0,0,0,0
2022-09,罗湖,入境,0,0,0,0,0,0,0,0
2022-09,罗湖,出境,0,0,0,0,0,0,0,0
2022-09,落马洲,入境,0,0,0,0,0,0,0,16521
2022-09,落马洲,出境,0,0,0,0,0,0,0,16263
2022-09,落马洲支线,入境,0,0,0,0,0,0,0,0
2022-09,落马洲支线,出境,0,0,0,0,0,0,0,0
2022-09,香园围,入境,0,0,0,0,0,0,0,17479
2022-09,香园围,出境,0,0,0,0,0,0,0,17620
2022-09,高铁西九龙,入境,0,0,0,0,0,0,0,0
2022-09,高铁西九龙,出境,0,0,0,0,0,0,0,0
2022-10,中国客运码头,入境,0,0,0,0,0,0,0,0
2022-10,中国客运码头,出境,0,0,0,0,0,0,0,0
2022-10,启德邮轮码头,入境,0,0,0,0,0,0,0,0
2022-10,启德邮轮码头,出境,0,0,0,0,0,0,0,0
2022-10,屯门客运码头,入境,0,0,0,0,0,0,0,0
2022-10,屯门客运码头,出境,0,0,0,0,0,0,0,0
2022-10,文锦渡,入境,0,0,0,0,0,0,0,23994
2022-10,文锦渡,出境,0,0,0,0,0,0,0,23872
2022-10,机场,入境,192293,38339,29994,260626,0,0,0,0
2022-10,机场,出境,212652,32565,25221,270438,0,0,0,0
2022-10,沙头角,入境,0,0,0,0,0,0,0,0
2022-10,沙头角,出境,0,0,0,0,0,0,0,0
2022-10,深圳湾,入境,41948,8019,765,50732,102,36,0,39957
2022-10,深圳湾,出境,27899,8420,845,37164,130,26,0,40159
2022-10,港口管制,入境,0,0,0,0,0,0,0,0
2022-10,港口管制,出境,0,0,0,0,0,0,0,0
2022-10,港澳客轮码头,入境,0,0,0,0,0,0,0,0
2022-10,港澳客轮码头,出境,0,0,0,0,0,0,0,0
2022-10,港珠澳大桥,入境,5407,869,1301,7577,119,0,443,12418
2022-10,港珠澳大桥,出境,6448,4704,760,11912,38,0,457,12313
2022-10,红磡,入境,0,0,0,0,0,0,0,0
2022-10,红磡,出境,0,0,0,0,0,0,0,0
2022-10,罗湖,入境,0,0,0,0,0,0,0,0
2022-10,罗湖,出境,0,0,0,0,0,0,0,0
2022-10,落马洲,入境,0,0,0,0,0,0,0,15612
2022-10,落马洲,出境,0,0,0,0,0,0,0,15335
2022-10,落马洲支线,入境,0,0,0,0,0,0,0,0
2022-10,落马洲支线,出境,0,0,0,0,0,0,0,0
2022-10,香园围,入境,0,0,0,0,0,0,0,16615
2022-10,香园围,出境,0,0,0,0,0,0,0,16526
2022-10,高铁西九龙,入境,0,0,0,0,0,0,0,0
2022-10,高铁西九龙,出境,0,0,0,0,0,0,0,0
2022-11,中国客运码头,入境,0,0,0,0,0,0,0,0
2022-11,中国客运码头,出境,0,0,0,0,0,0,0,0
2022-11,启德邮轮码头,入境,0,0,0,0,0,0,0,0
2022-11,启德邮轮码头,出境,0,0,0,0,0,0,0,0
2022-11,屯门客运码头,入境,0,0,0,0,0,0,0,0
2022-11,屯门客运码头,出境,0,0,0,0,0,0,0,0
2022-11,文锦渡,入境,0,0,0,0,0,0,0,25019
2022-11,文锦渡,出境,0,0,0,0,0,0,0,24976
2022-11,机场,入境,305157,48415,51545,405117,0,0,0,0
2022-11,机场,出境,308506,42562,47375,398443,0,0,0,0
2022-11,沙头角,入境,0,0,0,0,0,0,0,0
2022-11,沙头角,出境,0,0,0,0,0,0,0,0
2022-11,深圳湾,入境,38797,8057,1220,48074,92,35,0,38903
2022-11,深圳湾,出境,26476,7370,785,34631,125,17,0,39036
2022-11,港口管制,入境,0,0,0,0,0,0,0,0
2022-11,港口管制,出境,0,0,0,0,0,0,0,0
2022-11,港澳客轮码头,入境,0,0,0,0,0,0,0,0
2022-11,港澳客轮码头,出境,0,0,0,0,0,0,0,0
2022-11,港珠澳大桥,入境,5092,1177,1460,7729,128,0,413,15161
2022-11,港珠澳大桥,出境,5896,3659,954,10509,30,0,395,15159
2022-11,红磡,入境,0,0,0,0,0,0,0,0
2022-11,红磡,出境,0,0,0,0,0,0,0,0
2022-11,罗湖,入境,0,0,0,0,0,0,0,0
2022-11,罗湖,出境,0,0,0,0,0,0,0,0
2022-11,落马洲,入境,0,0,0,0,0,0,0,17185
2022-11,落马洲,出境,0,0,0,0,0,0,0,17087
2022-11,落马洲支线,入境,0,0,0,0,0,0,0,0
2022-11,落马洲支线,出境,0,0,0,0,0,0,0,0
2022-11,香园围,入境,0,0,0,0,0,0,0,19925
2022-11,香园围,出境,0,0,0,0,0,0,0,19979
2022-11,高铁西九龙,入境,0,0,0,0,0,0,0,0
2022-11,高铁西九龙,出境,0,0,0,0,0,0,0,0
2022-12,中国客运码头,入境,0,0,0,0,0,0,0,0
2022-12,中国客运码头,出境,0,0,0,0,0,0,0,0
2022-12,启德邮轮码头,入境,0,0,0,0,0,0,0,0
2022-12,启德邮轮码头,出境,0,0,0,0,0,0,0,0
2022-12,屯门客运码头,入境,0,0,0,0,0,0,0,0
2022-12,屯门客运码头,出境,0,0,0,0,0,0,0,0
2022-12,文锦渡,入境,0,0,0,0,0,0,0,26109
2022-12,文锦渡,出境,0,0,0,0,0,0,0,26312
2022-12,机场,入境,447483,55497,84537,587517,0,0,0,0
2022-12,机场,出境,554400,52268,73107,679775,0,0,0,0
2022-12,沙头角,入境,0,0,0,0,0,0,0,0
2022-12,沙头角,出境,0,0,0,0,0,0,0,0
2022-12,深圳湾,入境,43182,9062,2639,54883,133,33,0,48834
2022-12,深圳湾,出境,43386,11632,915,55933,183,21,0,47717
2022-12,港口管制,入境,0,0,0,0,0,0,0,0
2022-12,港口管制,出境,0,0,0,0,0,0,0,0
2022-12,港澳客轮码头,入境,0,0,0,0,0,0,0,0
2022-12,港澳客轮码头,出境,0,0,0,0,0,0,0,0
2022-12,港珠澳大桥,入境,13214,1747,5154,20115,739,38,671,12747
2022-12,港珠澳大桥,出境,17911,3874,2728,24513,543,42,671,12651
2022-12,红磡,入境,0,0,0,0,0,0,0,0
2022-12,红磡,出境,0,0,0,0,0,0,0,0
2022-12,罗湖,入境,0,0,0,0,0,0,0,0
2022-12,罗湖,出境,0,0,0,0,0,0,0,0
2022-12,落马洲,入境,0,0,0,0,0,0,0,23856
2022-12,落马洲,出境,0,0,0,0,0,0,0,22575
2022-12,落马洲支线,入境,0,0,0,0,0,0,0,0
2022-12,落马洲支线,出境,0,0,0,0,0,0,0,0
2022-12,香园围,入境,0,0,0,0,0,0,0,18110
2022-12,香园围,出境,0,0,0,0,0,0,0,19532
2022-12,高铁西九龙,入境,0,0,0,0,0,0,0,0
2022-12,高铁西九龙,出境,0,0,0,0,0,0,0,0
2023-01,中国客运码头,入境,9757,3989,422,14168,0,0,0,0
2023-01,中国客运码头,出境,10943,3666,391,15000,0,0,0,0
2023-01,启德邮轮码头,入境,11,0,314,325,0,0,0,0
2023-01,启德邮轮码头,出境,32,0,254,286,0,0,0,0
2023-01,屯门客运码头,入境,0,0,0,0,0,0,0,0
2023-01,屯门客运码头,出境,0,0,0,0,0,0,0,0
2023-01,文锦渡,入境,32145,7062,239,39446,306,2860,0,22663
2023-01,文锦渡,出境,29339,5090,179,34608,322,2751,0,23062
2023-01,机场,入境,622988,94966,114905,832859,0,0,0,0
2023-01,机场,出境,565140,78327,130017,773484,0,0,0,0
2023-01,沙头角,入境,0,0,0,0,0,0,0,0
2023-01,沙头角,出境,0,0,0,0,0,0,0,0
2023-01,深圳湾,入境,169336,47777,9279,226392,7312,775,0,37040
2023-01,深圳湾,出境,149441,50784,7123,207348,7603,908,0,37444
2023-01,港口管制,入境,0,0,0,0,0,0,0,0
2023-01,港口管制,出境,0,0,0,0,0,0,0,0
2023-01,港澳客轮码头,入境,84458,4306,17544,106308,0,0,0,0
2023-01,港澳客轮码头,出境,98365,5729,15226,119320,0,0,0,0
2023-01,港珠澳大桥,入境,315630,16665,66445,398740,13123,1013,7359,9542
2023-01,港珠澳大桥,出境,316256,17937,68785,402978,13483,1019,7345,8883
2023-01,红磡,入境,0,0,0,0,0,0,0,0
2023-01,红磡,出境,0,0,0,0,0,0,0,0
2023-01,罗湖,入境,0,0,0,0,0,0,0,0
2023-01,罗湖,出境,0,0,0,0,0,0,0,0
2023-01,落马洲,入境,0,0,0,0,0,0,0,24280
2023-01,落马洲,出境,0,0,0,0,0,0,0,23675
2023-01,落马洲支线,入境,341902,65123,4585,411610,0,0,0,0
2023-01,落马洲支线,出境,395361,70244,4263,469868,0,0,0,0
2023-01,香园围,入境,0,0,0,0,0,0,0,12111
2023-01,香园围,出境,0,0,0,0,0,0,0,14362
2023-01,高铁西九龙,入境,80659,39954,4330,124943,0,0,0,0
2023-01,高铁西九龙,出境,92738,36077,4029,132844,0,0,0,0
2023-02,中国客运码头,入境,16018,11176,748,27942,0,0,0,0
2023-02,中国客运码头,出境,16793,9201,732,26726,0,0,0,0
2023-02,启德邮轮码头,入境,100,0,882,982,0,0,0,0
2023-02,启德邮轮码头,出境,126,0,852,978,0,0,0,0
2023-02,屯门客运码头,入境,0,0,0,0,0,0,0,0
2023-02,屯门客运码头,出境,0,0,0,0,0,0,0,0
2023-02,文锦渡,入境,33918,13859,201,47978,1561,3564,0,20310
2023-02,文锦渡,出境,28550,9617,185,38352,1568,3437,0,22366
2023-02,机场,入境,459105,138918,203153,801176,0,0,0,0
2023-02,机场,出境,438646,122383,171973,733002,0,0,0,0
2023-02,沙头角,入境,0,0,0,0,0,0,0,0
2023-02,沙头角,出境,0,0,0,0,0,0,0,0
2023-02,深圳湾,入境,359951,164769,7943,532663,38533,1968,0,45520
2023-02,深圳湾,出境,352038,162726,13939,528703,39042,1917,0,44609
2023-02,港口管制,入境,0,0,0,0,0,0,0,0
2023-02,港口管制,出境,0,0,0,0,0,0,0,0
2023-02,港澳客轮码头,入境,141603,12982,28902,183487,0,0,0,0
2023-02,港澳客轮码头,出境,150211,16873,28589,195673,0,0,0,0
2023-02,港珠澳大桥,入境,482056,48522,90343,620921,23652,1185,10621,8840
2023-02,港珠澳大桥,出境,476684,55411,92501,624596,23477,1185,10611,7386
2023-02,红磡,入境,0,0,0,0,0,0,0,0
2023-02,红磡,出境,0,0,0,0,0,0,0,0
2023-02,罗湖,入境,937593,214779,5008,1157380,0,0,0,0
2023-02,罗湖,出境,937794,256609,6635,1201038,0,0,0,0
2023-02,落马洲,入境,143331,31551,1732,176614,24392,4969,617,34950
2023-02,落马洲,出境,109540,34942,2693,147175,23702,5099,611,34549
2023-02,落马洲支线,入境,737219,220542,4418,962179,0,0,0,0
2023-02,落马洲支线,出境,740728,216253,5580,962561,0,0,0,0
2023-02,香园围,入境,136376,47413,391,184180,12,1148,0,16839
2023-02,香园围,出境,147375,28564,292,176231,17,1133,0,17745
2023-02,高铁西九龙,入境,193118,203522,9340,405980,0,0,0,0
2023-02,高铁西九龙,出境,209387,161293,10651,381331,0,0,0,0
2023-03,中国客运码头,入境,20154,16684,1374,38212,0,0,0,0
2023-03,中国客运码头,出境,20718,13513,1107,35338,0,0,0,0
2023-03,启德邮轮码头,入境,8372,490,10477,19339,0,0,0,0
2023-03,启德邮轮码头,出境,10004,509,9599,20112,0,0,0,0
2023-03,屯门客运码头,入境,0,0,0,0,0,0,0,0
2023-03,屯门客运码头,出境,0,0,0,0,0,0,0,0
2023-03,文锦渡,入境,47735,18016,253,66004,2795,4390,0,26367
2023-03,文锦渡,出境,44813,12995,236,58044,2801,4418,0,28688
2023-03,机场,入境,571233,210043,282699,1063975,0,0,0,0
2023-03,机场,出境,634954,178360,275035,1088349,0,0,0,0
2023-03,沙头角,入境,0,0,0,0,0,0,0,0
2023-03,沙头角,出境,0,0,0,0,0,0,0,0
2023-03,深圳湾,入境,524487,256860,16921,798268,63571,3480,0,61158
2023-03,深圳湾,出境,530483,260728,20497,811708,65328,3543,0,59828
2023-03,港口管制,入境,0,0,0,0,0,0,0,0
2023-03,港口管制,出境,0,0,0,0,0,0,0,0
2023-03,港澳客轮码头,入境,176722,23483,36093,236298,0,0,0,0
2023-03,港澳客轮码头,出境,181827,32690,36106,250623,0,0,0,0
2023-03,港珠澳大桥,入境,571654,121494,98506,791654,35121,2123,14474,12693
2023-03,港珠澳大桥,出境,576968,185015,99762,861745,35430,2132,14480,9150
2023-03,红磡,入境,0,0,0,0,0,0,0,0
2023-03,红磡,出境,0,0,0,0,0,0,0,0
2023-03,罗湖,入境,1448656,393921,10306,1852883,0,0,0,0
2023-03,罗湖,出境,1473326,500960,12555,1986841,0,0,0,0
2023-03,落马洲,入境,239389,59847,5593,304829,52555,7865,583,46285
2023-03,落马洲,出境,188863,84128,6681,279672,51842,8041,573,48511
2023-03,落马洲支线,入境,1055679,361434,7156,1424269,0,0,0,0
2023-03,落马洲支线,出境,1097108,347985,7150,1452243,0,0,0,0
2023-03,香园围,入境,255339,167097,767,423203,150,2535,0,23020
2023-03,香园围,出境,277652,78967,668,357287,188,2483,0,23329
2023-03,高铁西九龙,入境,233872,336527,16880,587279,0,0,0,0
2023-03,高铁西九龙,出境,289720,262968,14885,567573,0,0,0,0
2023-04,中国客运码头,入境,33306,23987,2275,59568,0,0,0,0
2023-04,中国客运码头,出境,37730,17281,1809,56820,0,0,0,0
2023-04,启德邮轮码头,入境,12494,622,8409,21525,0,0,0,0
2023-04,启德邮轮码头,出境,11944,591,9482,22017,0,0,0,0
2023-04,屯门客运码头,入境,0,0,0,0,0,0,0,0
2023-04,屯门客运码头,出境,0,0,0,0,0,0,0,0
2023-04,文锦渡,入境,43837,20408,422,64667,3225,3746,0,24819
2023-04,文锦渡,出境,43157,14313,356,57826,3197,3740,0,27118
2023-04,机场,入境,784614,204703,331594,1320911,0,0,0,0
2023-04,机场,出境,764559,188141,310749,1263449,0,0,0,0
2023-04,沙头角,入境,0,0,0,0,0,0,0,0
2023-04,沙头角,出境,0,0,0,0,0,0,0,0
2023-04,深圳湾,入境,669620,306132,24031,999783,74114,3202,0,57714
2023-04,深圳湾,出境,675435,270858,26261,972554,75595,3323,0,55462
2023-04,港口管制,入境,171,7,1090,1268,0,0,0,0
2023-04,港口管制,出境,150,29,1091,1270,0,0,0,0
2023-04,港澳客轮码头,入境,219987,30068,48527,298582,0,0,0,0
2023-04,港澳客轮码头,出境,230043,40946,48134,319123,0,0,0,0
2023-04,港珠澳大桥,入境,714327,142674,111043,968044,46000,3668,17750,12074
2023-04,港珠澳大桥,出境,720299,225566,112174,1058039,46991,3661,17739,8972
2023-04,红磡,入境,0,0,0,0,0,0,0,0
2023-04,红磡,出境,0,0,0,0,0,0,0,0
2023-04,罗湖,入境,1574574,401544,13982,1990100,0,0,0,0
2023-04,罗湖,出境,1578995,481121,15440,2075556,0,0,0,0
2023-04,落马洲,入境,288516,75125,8800,372441,62635,8739,2029,40439
2023-04,落马洲,出境,218841,96726,9729,325296,61496,8823,2026,44187
2023-04,落马洲支线,入境,1196681,394902,8905,1600488,0,0,0,0
2023-04,落马洲支线,出境,1251759,361599,8409,1621767,0,0,0,0
2023-04,香园围,入境,301119,194151,1081,496351,742,2380,0,20562
2023-04,香园围,出境,325497,81593,691,407781,782,2334,0,19913
2023-04,高铁西九龙,入境,456271,508336,29618,994225,0,0,0,0
2023-04,高铁西九龙,出境,499314,406056,30437,935807,0,0,0,0
2023-05,中国客运码头,入境,24601,23165,1929,49695,0,0,0,0
2023-05,中国客运码头,出境,22805,21696,1605,46106,0,0,0,0
2023-05,启德邮轮码头,入境,12261,662,5938,18861,0,0,0,0
2023-05,启德邮轮码头,出境,11737,665,6027,18429,0,0,0,0
2023-05,屯门客运码头,入境,0,0,0,0,0,0,0,0
2023-05,屯门客运码头,出境,0,0,0,0,0,0,0,0
2023-05,文锦渡,入境,50005,19078,316,69399,3264,3671,0,27850
2023-05,文锦渡,出境,46374,14695,254,61323,3190,3708,0,29975
2023-05,机场,入境,695395,248522,314302,1258219,0,0,0,0
2023-05,机场,出境,710142,205913,319772,1235827,0,0,0,0
2023-05,沙头角,入境,0,0,0,0,0,0,0,0
2023-05,沙头角,出境,0,0,0,0,0,0,0,0
2023-05,深圳湾,入境,612056,284210,19519,915785,83271,3081,0,61311
2023-05,深圳湾,出境,578165,301462,22327,901954,85097,3138,0,57946
2023-05,港口管制,入境,195,2,1415,1612,0,0,0,0
2023-05,港口管制,出境,294,11,1240,1545,0,0,0,0
2023-05,港澳客轮码头,入境,195854,34912,49411,280177,0,0,0,0
2023-05,港澳客轮码头,出境,193846,47028,49241,290115,0,0,0,0
2023-05,港珠澳大桥,入境,571268,148541,97761,817570,50401,3441,15151,13813
2023-05,港珠澳大桥,出境,549094,227768,101062,877924,50156,3445,15170,10130
2023-05,红磡,入境,0,0,0,0,0,0,0,0
2023-05,红磡,出境,0,0,0,0,0,0,0,0
2023-05,罗湖,入境,1531362,371557,11941,1914860,0,0,0,0
2023-05,罗湖,出境,1454544,455131,13161,1922836,0,0,0,0
2023-05,落马洲,入境,298414,69250,6741,374405,69980,9719,3884,43076
2023-05,落马洲,出境,222875,127104,9891,359870,69255,9630,3883,48600
2023-05,落马洲支线,入境,1220220,430506,7951,1658677,0,0,0,0
2023-05,落马洲支线,出境,1255459,452297,8364,1716120,0,0,0,0
2023-05,香园围,入境,330589,169620,1382,501591,1837,2386,0,21840
2023-05,香园围,出境,338931,80532,1432,420895,1939,2274,0,21121
2023-05,高铁西九龙,入境,350796,486439,23503,860738,0,0,0,0
2023-05,高铁西九龙,出境,359076,467226,23529,849831,0,0,0,0
2023-06,中国客运码头,入境,20608,18970,1720,41298,0,0,0,0
2023-06,中国客运码头,出境,21377,16002,1515,38894,0,0,0,0
2023-06,启德邮轮码头,入境,12804,1848,5842,20494,0,0,0,0
2023-06,启德邮轮码头,出境,13675,2100,5554,21329,0,0,0,0
2023-06,屯门客运码头,入境,0,0,0,0,0,0,0,0
2023-06,屯门客运码头,出境,0,0,0,0,0,0,0,0
2023-06,文锦渡,入境,46459,16464,340,63263,3336,3606,0,27642
2023-06,文锦渡,出境,45695,12297,253,58245,3313,3604,0,29763
2023-06,机场,入境,759782,243381,361941,1365104,0,0,0,0
2023-06,机场,出境,804649,190689,338728,1334066,0,0,0,0
2023-06,沙头角,入境,0,0,0,0,0,0,0,0
2023-06,沙头角,出境,0,0,0,0,0,0,0,0
2023-06,深圳湾,入境,604981,269273,20829,895083,88209,3146,0,63111
2023-06,深圳湾,出境,613996,260965,22364,897325,89916,3137,0,59481
2023-06,港口管制,入境,388,6,1217,1611,0,0,0,0
2023-06,港口管制,出境,356,17,1286,1659,0,0,0,0
2023-06,港澳客轮码头,入境,195562,33076,53346,281984,0,0,0,0
2023-06,港澳客轮码头,出境,201568,47267,52853,301688,0,0,0,0
2023-06,港珠澳大桥,入境,517488,133487,94534,745509,52409,2716,14473,15209
2023-06,港珠澳大桥,出境,539905,202780,98277,840962,53745,2718,14451,10917
2023-06,红磡,入境,0,0,0,0,0,0,0,0
2023-06,红磡,出境,0,0,0,0,0,0,0,0
2023-06,罗湖,入境,1485058,337586,11802,1834446,0,0,0,0
2023-06,罗湖,出境,1491607,368906,12884,1873397,0,0,0,0
2023-06,落马洲,入境,299700,66201,7701,373602,74634,9914,4319,44107
2023-06,落马洲,出境,234646,99003,10022,343671,73336,9993,4341,50535
2023-06,落马洲支线,入境,1217306,442676,8658,1668640,0,0,0,0
2023-06,落马洲支线,出境,1324718,474126,8750,1807594,0,0,0,0
2023-06,香园围,入境,347212,140874,1513,489599,2508,2273,0,22069
2023-06,香园围,出境,376196,61661,1465,439322,2515,2177,0,21412
2023-06,高铁西九龙,入境,328002,451389,24023,803414,0,0,0,0
2023-06,高铁西九龙,出境,363780,397110,25122,786012,0,0,0,0
2023-07,中国客运码头,入境,22832,26436,1814,51082,0,0,0,0
2023-07,中国客运码头,出境,23669,22402,1563,47634,0,0,0,0
2023-07,启德邮轮码头,入境,14484,1361,4244,20089,0,0,0,0
2023-07,启德邮轮码头,出境,14330,1086,4674,20090,0,0,0,0
2023-07,屯门客运码头,入境,0,0,0,0,0,0,0,0
2023-07,屯门客运码头,出境,0,0,0,0,0,0,0,0
2023-07,文锦渡,入境,31236,16318,309,47863,3327,2721,0,27433
2023-07,文锦渡,出境,26469,9218,192,35879,2512,2294,0,11590
2023-07,机场,入境,902681,281614,345442,1529737,0,0,0,0
2023-07,机场,出境,966464,260964,350666,1578094,0,0,0,0
2023-07,沙头角,入境,0,0,0,0,0,0,0,0
2023-07,沙头角,出境,0,0,0,0,0,0,0,0
2023-07,深圳湾,入境,691753,363509,24459,1079721,96081,3261,0,64850
2023-07,深圳湾,出境,682481,340726,24948,1048155,97974,3204,0,61471
2023-07,港口管制,入境,164,15,1231,1410,0,0,0,0
2023-07,港口管制,出境,158,19,1203,1380,0,0,0,0
2023-07,港澳客轮码头,入境,196547,49514,54357,300418,0,0,0,0
2023-07,港澳客轮码头,出境,198302,75454,54767,328523,0,0,0,0
2023-07,港珠澳大桥,入境,637333,210576,120831,968740,64583,3474,17835,14723
2023-07,港珠澳大桥,出境,630204,312563,118635,1061402,64844,3492,17839,10815
2023-07,红磡,入境,0,0,0,0,0,0,0,0
2023-07,红磡,出境,0,0,0,0,0,0,0,0
2023-07,罗湖,入境,1699848,453946,13710,2167504,0,0,0,0
2023-07,罗湖,出境,1642779,504090,14711,2161580,0,0,0,0
2023-07,落马洲,入境,354915,86779,8910,450604,81663,10485,4620,45274
2023-07,落马洲,出境,261254,110941,11205,383400,80451,10720,4625,55786
2023-07,落马洲支线,入境,1363518,607323,9562,1980403,0,0,0,0
2023-07,落马洲支线,出境,1471934,651025,9700,2132659,0,0,0,0
2023-07,香园围,入境,415776,211811,1883,629470,4913,2328,0,22695
2023-07,香园围,出境,439064,91068,1700,531832,5391,2684,0,35174
2023-07,高铁西九龙,入境,405624,665322,27633,1098579,0,0,0,0
2023-07,高铁西九龙,出境,453685,552508,26113,1032306,0,0,0,0
2023-08,中国客运码头,入境,26904,36575,2063,65542,0,0,0,0
2023-08,中国客运码头,出境,26576,33092,1831,61499,0,0,0,0
2023-08,启德邮轮码头,入境,17423,1163,15321,33907,0,0,0,0
2023-08,启德邮轮码头,出境,16258,1132,15332,32722,0,0,0,0
2023-08,屯门客运码头,入境,0,0,0,0,0,0,0,0
2023-08,屯门客运码头,出境,0,0,0,0,0,0,0,0
2023-08,文锦渡,入境,35150,19344,354,54848,3764,3288,0,28490
2023-08,文锦渡,出境,35090,14252,279,49621,3673,3236,0,29670
2023-08,机场,入境,1050955,307229,343772,1701956,0,0,0,0
2023-08,机场,出境,919672,295172,344870,1559714,0,0,0,0
2023-08,沙头角,入境,0,0,0,0,0,0,0,0
2023-08,沙头角,出境,0,0,0,0,0,0,0,0
2023-08,深圳湾,入境,779704,426435,25170,1231309,103583,3443,0,66686
2023-08,深圳湾,出境,736929,418374,24715,1180018,104841,3534,0,62593
2023-08,港口管制,入境,115,7,1386,1508,0,0,0,0
2023-08,港口管制,出境,165,19,1362,1546,0,0,0,0
2023-08,港澳客轮码头,入境,216376,59245,61576,337197,0,0,0,0
2023-08,港澳客轮码头,出境,213355,92158,61246,366759,0,0,0,0
2023-08,港珠澳大桥,入境,699853,262045,130840,1092738,76625,3885,19780,16461
2023-08,港珠澳大桥,出境,690335,389566,137465,1217366,77348,3903,19776,12145
2023-08,红磡,入境,0,0,0,0,0,0,0,0
2023-08,红磡,出境,0,0,0,0,0,0,0,0
2023-08,罗湖,入境,1827576,532632,14695,2374903,0,0,0,0
2023-08,罗湖,出境,1748492,622964,15859,2387315,0,0,0,0
2023-08,落马洲,入境,378248,101299,9377,488924,90536,10951,4183,48499
2023-08,落马洲,出境,283604,136529,10782,430915,89058,11139,4148,56262
2023-08,落马洲支线,入境,1464844,668301,10151,2143296,0,0,0,0
2023-08,落马洲支线,出境,1549237,719103,10183,2278523,0,0,0,0
2023-08,香园围,入境,466907,239884,2261,709052,11869,2254,0,24365
2023-08,香园围,出境,485668,107507,1844,595019,12132,2264,0,23965
2023-08,高铁西九龙,入境,489513,778478,28381,1296372,0,0,0,0
2023-08,高铁西九龙,出境,455805,669903,24768,1150476,0,0,0,0
2023-09,中国客运码头,入境,18782,17614,1718,38114,0,0,0,0
2023-09,中国客运码头,出境,26540,13488,1584,41612,0,0,0,0
2023-09,启德邮轮码头,入境,12083,2145,7564,21792,0,0,0,0
2023-09,启德邮轮码头,出境,13940,2352,7801,24093,0,0,0,0
2023-09,屯门客运码头,入境,0,0,0,0,0,0,0,0
2023-09,屯门客运码头,出境,0,0,0,0,0,0,0,0
2023-09,文锦渡,入境,8431,2484,78,10993,722,574,0,5776
2023-09,文锦渡,出境,7713,1851,44,9608,716,559,0,5949
2023-09,机场,入境,698140,217070,364820,1280030,0,0,0,0
2023-09,机场,出境,733124,243531,352970,1329625,0,0,0,0
2023-09,沙头角,入境,0,0,0,0,0,0,0,0
2023-09,沙头角,出境,0,0,0,0,0,0,0,0
2023-09,深圳湾,入境,651540,302697,26156,980393,96340,2934,0,67738
2023-09,深圳湾,出境,693387,256218,23616,973221,97002,3146,0,64437
2023-09,港口管制,入境,265,24,1254,1543,0,0,0,0
2023-09,港口管制,出境,441,33,1137,1611,0,0,0,0
2023-09,港澳客轮码头,入境,156669,24986,51467,233122,0,0,0,0
2023-09,港澳客轮码头,出境,166639,34114,49849,250602,0,0,0,0
2023-09,港珠澳大桥,入境,488225,127817,93629,709671,70487,3193,15108,15238
2023-09,港珠澳大桥,出境,562253,233152,95765,891170,76803,3237,15124,12216
2023-09,红磡,入境,0,0,0,0,0,0,0,0
2023-09,红磡,出境,0,0,0,0,0,0,0,0
2023-09,罗湖,入境,1513420,332741,14134,1860295,0,0,0,0
2023-09,罗湖,出境,1607864,364320,14644,1986828,0,0,0,0
2023-09,落马洲,入境,314120,90961,11098,416179,86056,10333,3825,57668
2023-09,落马洲,出境,263347,84314,10481,358142,84260,10277,3841,61525
2023-09,落马洲支线,入境,1283133,437759,9350,1730242,0,0,0,0
2023-09,落马洲支线,出境,1397627,424172,8211,1830010,0,0,0,0
2023-09,香园围,入境,402106,181116,2060,585282,12011,2177,0,30313
2023-09,香园围,出境,443921,68556,1745,514222,12292,2104,0,32500
2023-09,高铁西九龙,入境,327659,424415,26825,778899,0,0,0,0
2023-09,高铁西九龙,出境,393390,326221,23102,742713,0,0,0,0
2023-10,中国客运码头,入境,28669,26119,2928,57716,0,0,0,0
2023-10,中国客运码头,出境,23260,24868,2960,51088,0,0,0,0
2023-10,启德邮轮码头,入境,13067,5796,6009,24872,0,0,0,0
2023-10,启德邮轮码头,出境,12531,5729,4459,22719,0,0,0,0
2023-10,屯门客运码头,入境,0,0,0,0,0,0,0,0
2023-10,屯门客运码头,出境,0,0,0,0,0,0,0,0
2023-10,文锦渡,入境,0,0,0,0,0,0,0,8032
2023-10,文锦渡,出境,0,0,0,0,0,0,0,9995
2023-10,机场,入境,857608,281914,457299,1596821,0,0,0,0
2023-10,机场,出境,800899,212134,418109,1431142,0,0,0,0
2023-10,沙头角,入境,0,0,0,0,0,0,0,0
2023-10,沙头角,出境,0,0,0,0,0,0,0,0
2023-10,深圳湾,入境,839858,349358,30953,1220169,106811,3389,0,66726
2023-10,深圳湾,出境,773877,367969,39484,1181330,108536,3431,0,62144
2023-10,港口管制,入境,329,15,1356,1700,0,0,0,0
2023-10,港口管制,出境,410,40,1181,1631,0,0,0,0
2023-10,港澳客轮码头,入境,181221,37717,61477,280415,0,0,0,0
2023-10,港澳客轮码头,出境,172887,55880,62473,291240,0,0,0,0
2023-10,港珠澳大桥,入境,686970,183312,118791,989073,101299,4555,18390,14848
2023-10,港珠澳大桥,出境,619603,333705,127273,1080581,97256,4521,18377,12156
2023-10,红磡,入境,0,0,0,0,0,0,0,0
2023-10,红磡,出境,0,0,0,0,0,0,0,0
2023-10,罗湖,入境,1906694,418529,17927,2343150,0,0,0,0
2023-10,罗湖,出境,1755573,513878,20743,2290194,0,0,0,0
2023-10,落马洲,入境,391573,90936,11136,493645,93652,11986,4185,50279
2023-10,落马洲,出境,292260,142562,17079,451901,92108,11886,4203,56136
2023-10,落马洲支线,入境,1512624,520096,10488,2043208,0,0,0,0
2023-10,落马洲支线,出境,1505047,522501,11038,2038586,0,0,0,0
2023-10,香园围,入境,562338,265875,3221,831434,15075,2678,0,33529
2023-10,香园围,出境,567615,105644,3054,676313,15270,2643,0,32551
2023-10,高铁西九龙,入境,457227,518926,38918,1015071,0,0,0,0
2023-10,高铁西九龙,出境,434985,505278,45230,985493,0,0,0,0
2023-11,中国客运码头,入境,23477,19309,2586,45372,0,0,0,0
2023-11,中国客运码头,出境,24397,17458,2017,43872,0,0,0,0
2023-11,启德邮轮码头,入境,10259,6078,9507,25844,0,0,0,0
2023-11,启德邮轮码头,出境,10206,5922,7966,24094,0,0,0,0
2023-11,屯门客运码头,入境,0,0,0,0,0,0,0,0
2023-11,屯门客运码头,出境,0,0,0,0,0,0,0,0
2023-11,文锦渡,入境,22429,7303,203,29935,2018,2085,0,25186
2023-11,文锦渡,出境,22783,5808,210,28801,2000,2095,0,27487
2023-11,机场,入境,816750,212840,519947,1549537,0,0,0,0
2023-11,机场,出境,808293,184050,515944,1508287,0,0,0,0
2023-11,沙头角,入境,0,0,0,0,0,0,0,0
2023-11,沙头角,出境,0,0,0,0,0,0,0,0
2023-11,深圳湾,入境,847803,309747,32086,1189636,106919,3417,0,78147
2023-11,深圳湾,出境,837458,300868,29573,1167899,108099,3519,0,71713
2023-11,港口管制,入境,468,19,1458,1945,0,0,0,0
2023-11,港口管制,出境,475,71,1240,1786,0,0,0,0
2023-11,港澳客轮码头,入境,166645,29863,78364,274872,0,0,0,0
2023-11,港澳客轮码头,出境,165100,41489,79044,285633,0,0,0,0
2023-11,港珠澳大桥,入境,597231,179339,136104,912674,99616,3844,17827,15675
2023-11,港珠澳大桥,出境,603238,341869,139152,1084259,100692,3842,17831,13332
2023-11,红磡,入境,0,0,0,0,0,0,0,0
2023-11,红磡,出境,0,0,0,0,0,0,0,0
2023-11,罗湖,入境,1935589,375634,19776,2330999,0,0,0,0
2023-11,罗湖,出境,1905854,432286,20415,2358555,0,0,0,0
2023-11,落马洲,入境,370771,75503,10827,457101,92505,11410,4065,48594
2023-11,落马洲,出境,288982,102311,11891,403184,91073,11457,4157,57884
2023-11,落马洲支线,入境,1578923,482369,10752,2072044,0,0,0,0
2023-11,落马洲支线,出境,1662092,476786,10423,2149301,0,0,0,0
2023-11,香园围,入境,648363,276709,3229,928301,15544,2784,0,28304
2023-11,香园围,出境,677174,107742,3162,788078,15626,2717,0,25191
2023-11,高铁西九龙,入境,421179,453290,36343,910812,0,0,0,0
2023-11,高铁西九龙,出境,441339,404673,32095,878107,0,0,0,0
2023-12,中国客运码头,入境,34446,27975,5982,68403,0,0,0,0
2023-12,中国客运码头,出境,37455,24737,5458,67650,0,0,0,0
2023-12,启德邮轮码头,入境,14760,8635,7572,30967,0,0,0,0
2023-12,启德邮轮码头,出境,14743,9542,7450,31735,0,0,0,0
2023-12,屯门客运码头,入境,0,0,0,0,0,0,0,0
2023-12,屯门客运码头,出境,0,0,0,0,0,0,0,0
2023-12,文锦渡,入境,36197,16399,461,53057,3698,3145,0,27449
2023-12,文锦渡,出境,38392,11339,254,49985,3645,3171,0,28687
2023-12,机场,入境,954445,250977,586924,1792346,0,0,0,0
2023-12,机场,出境,1053573,204887,535656,1794116,0,0,0,0
2023-12,沙头角,入境,0,0,0,0,0,0,0,0
2023-12,沙头角,出境,0,0,0,0,0,0,0,0
2023-12,深圳湾,入境,965081,378870,30207,1374158,115495,10442,0,75661
2023-12,深圳湾,出境,983807,361558,28372,1373737,116085,10607,0,69635
2023-12,港口管制,入境,76,6,1498,1580,0,0,0,0
2023-12,港口管制,出境,200,12,1157,1369,0,0,0,0
2023-12,港澳客轮码头,入境,192962,33942,88885,315789,0,0,0,0
2023-12,港澳客轮码头,出境,200666,47188,90285,338139,0,0,0,0
2023-12,港珠澳大桥,入境,810288,207592,178008,1195888,125815,5775,21551,14036
2023-12,港珠澳大桥,出境,851278,328311,181424,1361013,129873,5775,21560,12180
2023-12,红磡,入境,0,0,0,0,0,0,0,0
2023-12,红磡,出境,0,0,0,0,0,0,0,0
2023-12,罗湖,入境,2084668,460602,21221,2566491,0,0,0,0
2023-12,罗湖,出境,2127242,549289,22278,2698809,0,0,0,0
2023-12,落马洲,入境,414507,96355,10297,521159,98008,12293,4311,46750
2023-12,落马洲,出境,328502,145335,11929,485766,96314,12283,4457,55622
2023-12,落马洲支线,入境,1688574,586539,12561,2287674,0,0,0,0
2023-12,落马洲支线,出境,1844292,547606,12040,2403938,0,0,0,0
2023-12,香园围,入境,688569,240582,3347,932498,16061,2688,0,25329
2023-12,香园围,出境,720667,108733,3329,832729,15993,2628,0,23212
2023-12,高铁西九龙,入境,519718,638116,36731,1194565,0,0,0,0
2023-12,高铁西九龙,出境,592277,514697,33921,1140895,0,0,0,0
2024-01,中国客运码头,入境,26434,30647,6795,63876,0,0,0,0
2024-01,中国客运码头,出境,24062,31476,7677,63215,0,0,0,0
2024-01,启德邮轮码头,入境,12796,6896,9262,28954,0,0,0,0
2024-01,启德邮轮码头,出境,13618,6126,11010,30754,0,0,0,0
2024-01,屯门客运码头,入境,0,0,0,0,0,0,0,0
2024-01,屯门客运码头,出境,0,0,0,0,0,0,0,0
2024-01,文锦渡,入境,42069,15919,411,58399,3962,2970,0,30159
2024-01,文锦渡,出境,41828,12784,314,54926,3904,2939,0,31778
2024-01,机场,入境,865349,296567,500486,1662402,0,0,0,0
2024-01,机场,出境,722218,289184,564706,1576108,0,0,0,0
2024-01,沙头角,入境,0,0,0,0,0,0,0,0
2024-01,沙头角,出境,0,0,0,0,0,0,0,0
2024-01,深圳湾,入境,913629,410167,30983,1354779,122110,12267,0,82011
2024-01,深圳湾,出境,849101,385136,28631,1262868,122927,12267,0,75487
2024-01,港口管制,入境,181,13,1518,1712,0,0,0,0
2024-01,港口管制,出境,220,19,1179,1418,0,0,0,0
2024-01,港澳客轮码头,入境,155310,39205,77235,271750,0,0,0,0
2024-01,港澳客轮码头,出境,153440,60462,78371,292273,0,0,0,0
2024-01,港珠澳大桥,入境,661770,223807,136223,1021800,117129,4722,18992,13816
2024-01,港珠澳大桥,出境,621301,316248,137415,1074964,114409,4718,18980,12585
2024-01,红磡,入境,0,0,0,0,0,0,0,0
2024-01,红磡,出境,0,0,0,0,0,0,0,0
2024-01,罗湖,入境,2040096,473018,19593,2532707,0,0,0,0
2024-01,罗湖,出境,1963107,555757,20554,2539418,0,0,0,0
2024-01,落马洲,入境,392959,93001,10866,496826,101272,12134,4213,50932
2024-01,落马洲,出境,292858,160196,12153,465207,101437,12180,4245,59091
2024-01,落马洲支线,入境,1625925,557056,11506,2194487,0,0,0,0
2024-01,落马洲支线,出境,1652107,544733,11124,2207964,0,0,0,0
2024-01,香园围,入境,726424,219864,3313,949601,17402,2750,0,28809
2024-01,香园围,出境,726236,114172,3205,843613,17627,2721,0,25982
2024-01,高铁西九龙,入境,455969,617382,34163,1107514,0,0,0,0
2024-01,高铁西九龙,出境,408075,547183,31999,987257,0,0,0,0
2024-02,中国客运码头,入境,33689,46347,6117,86153,0,0,0,0
2024-02,中国客运码头,出境,36109,48462,6956,91527,0,0,0,0
2024-02,启德邮轮码头,入境,15308,5890,7615,28813,0,0,0,0
2024-02,启德邮轮码头,出境,15288,6476,7733,29497,0,0,0,0
2024-02,屯门客运码头,入境,0,0,0,0,0,0,0,0
2024-02,屯门客运码头,出境,0,0,0,0,0,0,0,0
2024-02,文锦渡,入境,33411,15050,308,48769,3398,2587,0,19446
2024-02,文锦渡,出境,34366,11250,268,45884,3371,2588,0,19371
2024-02,机场,入境,834095,392220,454820,1681135,0,0,0,0
2024-02,机场,出境,851008,332826,409207,1593041,0,0,0,0
2024-02,沙头角,入境,0,0,0,0,0,0,0,0
2024-02,沙头角,出境,0,0,0,0,0,0,0,0
2024-02,深圳湾,入境,904039,419693,26260,1349992,107456,3918,0,51980
2024-02,深圳湾,出境,882268,421992,30010,1334270,108430,3978,0,47865
2024-02,港口管制,入境,160,43,1357,1560,0,0,0,0
2024-02,港口管制,出境,177,78,1004,1259,0,0,0,0
2024-02,港澳客轮码头,入境,161651,60623,63220,285494,0,0,0,0
2024-02,港澳客轮码头,出境,160256,102438,66540,329234,0,0,0,0
2024-02,港珠澳大桥,入境,770694,318351,135018,1224063,135398,5800,21284,9966
2024-02,港珠澳大桥,出境,772874,437981,135065,1345920,135999,5816,21281,8897
2024-02,红磡,入境,0,0,0,0,0,0,0,0
2024-02,红磡,出境,0,0,0,0,0,0,0,0
2024-02,罗湖,入境,1813275,510437,15889,2339601,0,0,0,0
2024-02,罗湖,出境,1789132,608658,17862,2415652,0,0,0,0
2024-02,落马洲,入境,356170,92670,8276,457116,84499,11389,4409,29383
2024-02,落马洲,出境,273735,139231,11078,424044,83476,11373,4452,35546
2024-02,落马洲支线,入境,1446390,499543,9789,1955722,0,0,0,0
2024-02,落马洲支线,出境,1526273,476737,10035,2013045,0,0,0,0
2024-02,香园围,入境,648229,215257,3295,866781,15135,2465,0,14265
2024-02,香园围,出境,663128,107142,3522,773792,15254,2478,0,13021
2024-02,高铁西九龙,入境,474119,668731,24674,1167524,0,0,0,0
2024-02,高铁西九龙,出境,527229,608009,25698,1160936,0,0,0,0
2024-03,中国客运码头,入境,27103,20307,7818,55228,0,0,0,0
2024-03,中国客运码头,出境,36727,20735,8791,66253,0,0,0,0
2024-03,启德邮轮码头,入境,14230,8065,29033,51328,0,0,0,0
2024-03,启德邮轮码头,出境,15104,7279,30813,53196,0,0,0,0
2024-03,屯门客运码头,入境,0,0,0,0,0,0,0,0
2024-03,屯门客运码头,出境,0,0,0,0,0,0,0,0
2024-03,文锦渡,入境,40303,12215,410,52928,3955,2807,0,25894
2024-03,文锦渡,出境,46357,10275,339,56971,3945,2857,0,27650
2024-03,机场,入境,834223,253958,562322,1650503,0,0,0,0
2024-03,机场,出境,1016529,207589,559611,1783729,0,0,0,0
2024-03,沙头角,入境,0,0,0,0,0,0,0,0
2024-03,沙头角,出境,0,0,0,0,0,0,0,0
2024-03,深圳湾,入境,972942,313731,32119,1318792,120451,4051,0,74950
2024-03,深圳湾,出境,1061479,309739,33869,1405087,122352,4098,0,69319
2024-03,港口管制,入境,195,23,1759,1977,0,0,0,0
2024-03,港口管制,出境,363,54,1168,1585,0,0,0,0
2024-03,港澳客轮码头,入境,175084,26947,73716,275747,0,0,0,0
2024-03,港澳客轮码头,出境,185034,38771,79276,303081,0,0,0,0
2024-03,港珠澳大桥,入境,762804,212404,142690,1117898,134181,6185,22395,14243
2024-03,港珠澳大桥,出境,877309,367511,140114,1384934,145329,6192,22394,12267
2024-03,红磡,入境,0,0,0,0,0,0,0,0
2024-03,红磡,出境,0,0,0,0,0,0,0,0
2024-03,罗湖,入境,2103083,374779,21867,2499729,0,0,0,0
2024-03,罗湖,出境,2230120,439736,24370,2694226,0,0,0,0
2024-03,落马洲,入境,420914,70053,10940,501907,99917,12729,4304,49893
2024-03,落马洲,出境,350884,112763,12837,476484,98629,12608,4409,58451
2024-03,落马洲支线,入境,1738017,435478,11783,2185278,0,0,0,0
2024-03,落马洲支线,出境,1967009,427710,12109,2406828,0,0,0,0
2024-03,香园围,入境,818165,263015,3828,1085008,18525,2841,0,25396
2024-03,香园围,出境,884567,114271,4234,1003072,18814,2809,0,22776
2024-03,高铁西九龙,入境,466984,475067,37904,979955,0,0,0,0
2024-03,高铁西九龙,出境,619880,432718,39415,1092013,0,0,0,0
2024-04,中国客运码头,入境,38769,22372,8787,69928,0,0,0,0
2024-04,中国客运码头,出境,34003,21922,9253,65178,0,0,0,0
2024-04,启德邮轮码头,入境,11391,5242,18891,35524,0,0,0,0
2024-04,启德邮轮码头,出境,10488,5825,19377,35690,0,0,0,0
2024-04,屯门客运码头,入境,0,0,0,0,0,0,0,0
2024-04,屯门客运码头,出境,0,0,0,0,0,0,0,0
2024-04,文锦渡,入境,40964,11559,416,52939,3929,2727,0,26315
2024-04,文锦渡,出境,41944,9207,312,51463,3939,2729,0,27767
2024-04,机场,入境,979948,250908,524082,1754938,0,0,0,0
2024-04,机场,出境,796476,269613,540110,1606199,0,0,0,0
2024-04,沙头角,入境,0,0,0,0,0,0,0,0
2024-04,沙头角,出境,0,0,0,0,0,0,0,0
2024-04,深圳湾,入境,1042780,338898,42227,1423905,123671,4177,0,70682
2024-04,深圳湾,出境,920592,292433,39893,1252918,124028,4133,0,65344
2024-04,港口管制,入境,262,50,1461,1773,0,0,0,0
2024-04,港口管制,出境,199,54,1107,1360,0,0,0,0
2024-04,港澳客轮码头,入境,176201,27319,69265,272785,0,0,0,0
2024-04,港澳客轮码头,出境,159916,37923,76595,274434,0,0,0,0
2024-04,港珠澳大桥,入境,823096,203235,130481,1156812,143171,6014,20861,13786
2024-04,港珠澳大桥,出境,728618,337369,120447,1186434,134572,6044,20958,12497
2024-04,红磡,入境,0,0,0,0,0,0,0,0
2024-04,红磡,出境,0,0,0,0,0,0,0,0
2024-04,罗湖,入境,2114561,374716,25042,2514319,0,0,0,0
2024-04,罗湖,出境,1965668,419242,25564,2410474,0,0,0,0
2024-04,落马洲,入境,430423,87782,14410,532615,100270,12539,4180,50995
2024-04,落马洲,出境,308479,100563,15411,424453,98577,12469,4202,58750
2024-04,落马洲支线,入境,1718695,421840,13417,2153952,0,0,0,0
2024-04,落马洲支线,出境,1679952,393516,12665,2086133,0,0,0,0
2024-04,香园围,入境,796308,244743,5335,1046386,19042,2728,0,26436
2024-04,香园围,出境,789063,105233,5551,899847,19059,2695,0,23425
2024-04,高铁西九龙,入境,590869,493119,56080,1140068,0,0,0,0
2024-04,高铁西九龙,出境,484088,424386,55850,964324,0,0,0,0
2024-05,中国客运码头,入境,24506,22071,7173,53750,0,0,0,0
2024-05,中国客运码头,出境,25608,22372,7555,55535,0,0,0,0
2024-05,启德邮轮码头,入境,8748,1451,995,11194,0,0,0,0
2024-05,启德邮轮码头,出境,7733,1231,684,9648,0,0,0,0
2024-05,屯门客运码头,入境,0,0,0,0,0,0,0,0
2024-05,屯门客运码头,出境,0,0,0,0,0,0,0,0
2024-05,文锦渡,入境,43781,13114,395,57290,4090,2942,0,28193
2024-05,文锦渡,出境,46419,10433,296,57148,4091,2969,0,29446
2024-05,机场,入境,844669,328162,459232,1632063,0,0,0,0
2024-05,机场,出境,892198,252677,452117,1596992,0,0,0,0
2024-05,沙头角,入境,0,0,0,0,0,0,0,0
2024-05,沙头角,出境,0,0,0,0,0,0,0,0
2024-05,深圳湾,入境,944101,338362,29861,1312324,121656,7196,0,72122
2024-05,深圳湾,出境,937888,355422,31432,1324742,123007,6973,0,66467
2024-05,港口管制,入境,275,50,1328,1653,0,0,0,0
2024-05,港口管制,出境,346,58,1292,1696,0,0,0,0
2024-05,港澳客轮码头,入境,172443,30517,66711,269671,0,0,0,0
2024-05,港澳客轮码头,出境,170035,41704,74583,286322,0,0,0,0
2024-05,港珠澳大桥,入境,715045,182898,120014,1017957,139102,5930,19436,14728
2024-05,港珠澳大桥,出境,716977,289704,111764,1118445,139576,5907,19432,12958
2024-05,红磡,入境,0,0,0,0,0,0,0,0
2024-05,红磡,出境,0,0,0,0,0,0,0,0
2024-05,罗湖,入境,2070105,423216,20938,2514259,0,0,0,0
2024-05,罗湖,出境,2048349,511733,22385,2582467,0,0,0,0
2024-05,落马洲,入境,408797,80986,11116,500899,102004,12935,4044,49760
2024-05,落马洲,出境,321878,145635,13091,480604,100670,13129,4204,59216
2024-05,落马洲支线,入境,1699963,470749,11429,2182141,0,0,0,0
2024-05,落马洲支线,出境,1787910,452276,11648,2251834,0,0,0,0
2024-05,香园围,入境,841928,211101,4035,1057064,19872,2856,0,26671
2024-05,香园围,出境,868328,112056,4745,985129,20046,2802,0,22860
2024-05,高铁西九龙,入境,437006,523215,39683,999904,0,0,0,0
2024-05,高铁西九龙,出境,453302,466395,37506,957203,0,0,0,0
2024-06,中国客运码头,入境,22566,15962,3593,42121,0,0,0,0
2024-06,中国客运码头,出境,27649,15219,4176,47044,0,0,0,0
2024-06,启德邮轮码头,入境,287,3214,285,3786,0,0,0,0
2024-06,启德邮轮码头,出境,287,3195,340,3822,0,0,0,0
2024-06,屯门客运码头,入境,0,0,0,0,0,0,0,0
2024-06,屯门客运码头,出境,0,0,0,0,0,0,0,0
2024-06,文锦渡,入境,43052,10693,367,54112,4052,2795,0,28106
2024-06,文锦渡,出境,47521,9397,317,57235,4067,2807,0,29530
2024-06,机场,入境,949234,281023,481044,1711301,0,0,0,0
2024-06,机场,出境,1017831,229254,464728,1711813,0,0,0,0
2024-06,沙头角,入境,0,0,0,0,0,0,0,0
2024-06,沙头角,出境,0,0,0,0,0,0,0,0
2024-06,深圳湾,入境,985669,304074,29887,1319630,120006,9502,0,68338
2024-06,深圳湾,出境,1029726,306393,32736,1368855,121691,9533,0,63220
2024-06,港口管制,入境,236,15,1143,1394,0,0,0,0
2024-06,港口管制,出境,462,12,976,1450,0,0,0,0
2024-06,港澳客轮码头,入境,179134,27804,63864,270802,0,0,0,0
2024-06,港澳客轮码头,出境,186938,38710,70784,296432,0,0,0,0
2024-06,港珠澳大桥,入境,749934,165122,129278,1044334,133532,6276,19147,13998
2024-06,港珠澳大桥,出境,831426,249209,127096,1207731,142539,6272,19161,12169
2024-06,红磡,入境,0,0,0,0,0,0,0,0
2024-06,红磡,出境,0,0,0,0,0,0,0,0
2024-06,罗湖,入境,2130588,370066,20059,2520713,0,0,0,0
2024-06,罗湖,出境,2192762,433278,21484,2647524,0,0,0,0
2024-06,落马洲,入境,434947,69251,11090,515288,101400,12815,4196,48900
2024-06,落马洲,出境,344470,103025,13499,460994,99826,12885,4164,58011
2024-06,落马洲支线,入境,1724052,416448,11510,2152010,0,0,0,0
2024-06,落马洲支线,出境,1903269,399525,11682,2314476,0,0,0,0
2024-06,香园围,入境,863318,183575,4363,1051256,19651,2720,0,26122
2024-06,香园围,出境,914303,103312,5533,1023148,19933,2707,0,22547
2024-06,高铁西九龙,入境,455269,492917,35965,984151,0,0,0,0
2024-06,高铁西九龙,出境,530173,442236,37801,1010210,0,0,0,0
2024-07,中国客运码头,入境,21901,20871,3064,45836,0,0,0,0
2024-07,中国客运码头,出境,19459,20031,3732,43222,0,0,0,0
2024-07,启德邮轮码头,入境,98,3267,835,4200,0,0,0,0
2024-07,启德邮轮码头,出境,95,3252,874,4221,0,0,0,0
2024-07,屯门客运码头,入境,0,0,0,0,0,0,0,0
2024-07,屯门客运码头,出境,0,0,0,0,0,0,0,0
2024-07,文锦渡,入境,44280,13217,361,57858,4454,2905,0,30168
2024-07,文锦渡,出境,45714,10495,318,56527,4498,2897,0,31279
2024-07,机场,入境,1095042,349218,441375,1885635,0,0,0,0
2024-07,机场,出境,1108567,332523,456362,1897452,0,0,0,0
2024-07,沙头角,入境,0,0,0,0,0,0,0,0
2024-07,沙头角,出境,0,0,0,0,0,0,0,0
2024-07,深圳湾,入境,1065025,413297,35072,1513394,130041,12020,0,70878
2024-07,深圳湾,出境,999775,379674,32504,1411953,130028,11814,0,65674
2024-07,港口管制,入境,291,15,1202,1508,0,0,0,0
2024-07,港口管制,出境,245,19,1128,1392,0,0,0,0
2024-07,港澳客轮码头,入境,184182,45067,61989,291238,0,0,0,0
2024-07,港澳客轮码头,出境,168562,67106,68597,304265,0,0,0,0
2024-07,港珠澳大桥,入境,804833,246566,146662,1198061,146036,6201,20558,16096
2024-07,港珠澳大桥,出境,747423,385257,135210,1267890,138165,6209,20560,12987
2024-07,红磡,入境,0,0,0,0,0,0,0,0
2024-07,红磡,出境,0,0,0,0,0,0,0,0
2024-07,罗湖,入境,2216920,488630,21928,2727478,0,0,0,0
2024-07,罗湖,出境,2127009,559974,22288,2709271,0,0,0,0
2024-07,落马洲,入境,454779,90113,12065,556957,108212,13027,4189,53069
2024-07,落马洲,出境,334636,124172,13107,471915,107493,13165,4176,62657
2024-07,落马洲支线,入境,1767533,508445,12910,2288888,0,0,0,0
2024-07,落马洲支线,出境,1814423,472391,12749,2299563,0,0,0,0
2024-07,香园围,入境,878355,279360,5634,1163349,20687,2957,0,27233
2024-07,香园围,出境,871276,153383,6572,1031231,20933,2873,0,24143
2024-07,高铁西九龙,入境,507400,681040,39739,1228179,0,0,0,0
2024-07,高铁西九龙,出境,515148,584051,36564,1135763,0,0,0,0
2024-08,中国客运码头,入境,20338,25232,3613,49183,0,0,0,0
2024-08,中国客运码头,出境,20928,23569,3875,48372,0,0,0,0
2024-08,启德邮轮码头,入境,11,17,3477,3505,0,0,0,0
2024-08,启德邮轮码头,出境,90,61,3527,3678,0,0,0,0
2024-08,屯门客运码头,入境,0,0,0,0,0,0,0,0
2024-08,屯门客运码头,出境,0,0,0,0,0,0,0,0
2024-08,文锦渡,入境,42337,15635,401,58373,4578,2850,0,30072
2024-08,文锦渡,出境,45216,12488,283,57987,4569,2834,0,31581
2024-08,机场,入境,1196223,402664,449772,2048659,0,0,0,0
2024-08,机场,出境,1056238,364193,451136,1871567,0,0,0,0
2024-08,沙头角,入境,0,0,0,0,0,0,0,0
2024-08,沙头角,出境,0,0,0,0,0,0,0,0
2024-08,深圳湾,入境,1115650,478093,34060,1627803,137302,12434,0,70035
2024-08,深圳湾,出境,1087086,465880,31398,1584364,137822,12425,0,65445
2024-08,港口管制,入境,311,15,1278,1604,0,0,0,0
2024-08,港口管制,出境,213,17,1191,1421,0,0,0,0
2024-08,港澳客轮码头,入境,186029,56596,66497,309122,0,0,0,0
2024-08,港澳客轮码头,出境,187627,80914,74336,342877,0,0,0,0
2024-08,港珠澳大桥,入境,848874,286407,143668,1278949,152536,6329,21371,18060
2024-08,港珠澳大桥,出境,874308,436601,136410,1447319,157140,6324,21365,13762
2024-08,红磡,入境,0,0,0,0,0,0,0,0
2024-08,红磡,出境,0,0,0,0,0,0,0,0
2024-08,罗湖,入境,2317845,569161,21498,2908504,0,0,0,0
2024-08,罗湖,出境,2300974,693306,22645,3016925,0,0,0,0
2024-08,落马洲,入境,468111,101046,12624,581781,112415,13036,4034,53492
2024-08,落马洲,出境,362257,145795,12937,520989,110705,13343,4121,63272
2024-08,落马洲支线,入境,1839527,598811,13354,2451692,0,0,0,0
2024-08,落马洲支线,出境,1969233,563484,13280,2545997,0,0,0,0
2024-08,香园围,入境,912212,294479,5216,1211907,21721,3105,0,26028
2024-08,香园围,出境,931336,173947,6668,1111951,21901,2999,0,23697
2024-08,高铁西九龙,入境,568839,829847,40708,1439394,0,0,0,0
2024-08,高铁西九龙,出境,542031,734754,36150,1312935,0,0,0,0
2024-09,中国客运码头,入境,15386,11329,1445,28160,0,0,0,0
2024-09,中国客运码头,出境,15497,9650,1179,26326,0,0,0,0
2024-09,启德邮轮码头,入境,644,2100,4123,6867,0,0,0,0
2024-09,启德邮轮码头,出境,915,5227,3381,9523,0,0,0,0
2024-09,屯门客运码头,入境,0,0,0,0,0,0,0,0
2024-09,屯门客运码头,出境,0,0,0,0,0,0,0,0
2024-09,文锦渡,入境,54990,13427,410,68827,4501,2960,0,29297
2024-09,文锦渡,出境,56149,10907,332,67388,4565,2939,0,30559
2024-09,机场,入境,818570,245197,455252,1519019,0,0,0,0
2024-09,机场,出境,825095,280427,469465,1574987,0,0,0,0
2024-09,沙头角,入境,0,0,0,0,0,0,0,0
2024-09,沙头角,出境,0,0,0,0,0,0,0,0
2024-09,深圳湾,入境,1035661,338020,33660,1407341,130433,9892,0,67437
2024-09,深圳湾,出境,996889,298895,29389,1325173,130630,9753,0,64245
2024-09,港口管制,入境,235,42,1191,1468,0,0,0,0
2024-09,港口管制,出境,248,35,1130,1413,0,0,0,0
2024-09,港澳客轮码头,入境,169673,25308,63010,257991,0,0,0,0
2024-09,港澳客轮码头,出境,160061,31323,74819,266203,0,0,0,0
2024-09,港珠澳大桥,入境,704247,126906,117302,948455,129426,5730,17211,17321
2024-09,港珠澳大桥,出境,694357,212131,104072,1010560,127362,5724,17222,12783
2024-09,红磡,入境,0,0,0,0,0,0,0,0
2024-09,红磡,出境,0,0,0,0,0,0,0,0
2024-09,罗湖,入境,2202872,366462,20688,2590022,0,0,0,0
2024-09,罗湖,出境,2184611,417883,21199,2623693,0,0,0,0
2024-09,落马洲,入境,413655,87877,13595,515127,107967,12536,3968,52772
2024-09,落马洲,出境,326573,93312,12345,432230,106616,12528,3885,62102
2024-09,落马洲支线,入境,1736357,428722,12162,2177241,0,0,0,0
2024-09,落马洲支线,出境,1800801,405197,11458,2217456,0,0,0,0
2024-09,香园围,入境,888816,200968,5189,1094973,21897,3135,0,25264
2024-09,香园围,出境,889711,109091,6547,1005349,22060,3054,0,22256
2024-09,高铁西九龙,入境,479325,447543,40260,967128,0,0,0,0
2024-09,高铁西九龙,出境,475521,387989,35968,899478,0,0,0,0
2024-10,中国客运码头,入境,19149,22662,2937,44748,0,0,0,0
2024-10,中国客运码头,出境,18605,19264,2300,40169,0,0,0,0
2024-10,启德邮轮码头,入境,1770,19735,9090,30595,0,0,0,0
2024-10,启德邮轮码头,出境,1726,18621,9261,29608,0,0,0,0
2024-10,屯门客运码头,入境,0,0,0,0,0,0,0,0
2024-10,屯门客运码头,出境,0,0,0,0,0,0,0,0
2024-10,文锦渡,入境,62151,18073,424,80648,4535,3268,0,29999
2024-10,文锦渡,出境,64104,14257,428,78789,4511,3231,0,31017
2024-10,机场,入境,948916,357635,574003,1880554,0,0,0,0
2024-10,机场,出境,903458,263412,511472,1678342,0,0,0,0
2024-10,沙头角,入境,0,0,0,0,0,0,0,0
2024-10,沙头角,出境,0,0,0,0,0,0,0,0
2024-10,深圳湾,入境,1099765,421280,38635,1559680,140245,10220,0,68577
2024-10,深圳湾,出境,1072302,440958,48726,1561986,141787,9756,0,66205
2024-10,港口管制,入境,179,13,1461,1653,0,0,0,0
2024-10,港口管制,出境,518,85,1216,1819,0,0,0,0
2024-10,港澳客轮码头,入境,174718,36803,74683,286204,0,0,0,0
2024-10,港澳客轮码头,出境,170439,48585,91397,310421,0,0,0,0
2024-10,港珠澳大桥,入境,818424,185850,134662,1138936,159906,7315,20657,18937
2024-10,港珠澳大桥,出境,814308,351726,122767,1288801,158684,7324,20667,13764
2024-10,红磡,入境,0,0,0,0,0,0,0,0
2024-10,红磡,出境,0,0,0,0,0,0,0,0
2024-10,罗湖,入境,2336420,485627,27115,2849162,0,0,0,0
2024-10,罗湖,出境,2295721,602737,29313,2927771,0,0,0,0
2024-10,落马洲,入境,441396,106474,13947,561817,114804,13439,3969,49362
2024-10,落马洲,出境,350392,156543,18363,525298,113472,13888,3970,59215
2024-10,落马洲支线,入境,1852517,592527,14601,2459645,0,0,0,0
2024-10,落马洲支线,出境,1936535,560557,15585,2512677,0,0,0,0
2024-10,香园围,入境,954567,310701,6040,1271308,22556,3318,0,25091
2024-10,香园围,出境,968882,154822,7375,1131079,22757,3263,0,21507
2024-10,高铁西九龙,入境,514542,579428,55979,1149949,0,0,0,0
2024-10,高铁西九龙,出境,518289,529084,62940,1110313,0,0,0,0
2024-11,中国客运码头,入境,15284,14004,1968,31256,0,0,0,0
2024-11,中国客运码头,出境,17338,11825,1539,30702,0,0,0,0
2024-11,启德邮轮码头,入境,875,11350,6342,18567,0,0,0,0
2024-11,启德邮轮码头,出境,936,8642,6098,15676,0,0,0,0
2024-11,屯门客运码头,入境,0,0,0,0,0,0,0,0
2024-11,屯门客运码头,出境,0,0,0,0,0,0,0,0
2024-11,文锦渡,入境,58816,15075,513,74404,4298,3175,0,30511
2024-11,文锦渡,出境,62500,12500,376,75376,4359,3109,0,32360
2024-11,机场,入境,912441,229770,608714,1750925,0,0,0,0
2024-11,机场,出境,919168,201409,608868,1729445,0,0,0,0
2024-11,沙头角,入境,0,0,0,0,0,0,0,0
2024-11,沙头角,出境,0,0,0,0,0,0,0,0
2024-11,深圳湾,入境,1102545,352915,41047,1496507,135064,12559,0,74768
2024-11,深圳湾,出境,1113463,340286,38616,1492365,135697,12322,0,72884
2024-11,港口管制,入境,366,41,1430,1837,0,0,0,0
2024-11,港口管制,出境,188,32,1408,1628,0,0,0,0
2024-11,港澳客轮码头,入境,156256,27554,84720,268530,0,0,0,0
2024-11,港澳客轮码头,出境,161921,34424,102698,299043,0,0,0,0
2024-11,港珠澳大桥,入境,725814,157693,148188,1031695,137319,6001,19714,20786
2024-11,港珠澳大桥,出境,758401,326123,127303,1211827,143133,5992,19697,14364
2024-11,红磡,入境,0,0,0,0,0,0,0,0
2024-11,红磡,出境,0,0,0,0,0,0,0,0
2024-11,罗湖,入境,2310037,391590,29202,2730829,0,0,0,0
2024-11,罗湖,出境,2336089,461753,29714,2827556,0,0,0,0
2024-11,落马洲,入境,427259,77455,13910,518624,111828,12106,4348,53215
2024-11,落马洲,出境,349467,107410,14183,471060,110738,12433,4241,63639
2024-11,落马洲支线,入境,1819247,484021,14600,2317868,0,0,0,0
2024-11,落马洲支线,出境,1955705,453483,14271,2423459,0,0,0,0
2024-11,香园围,入境,961916,303114,6759,1271789,23196,3131,0,27126
2024-11,香园围,出境,991473,143220,7924,1142617,23232,3058,0,23196
2024-11,高铁西九龙,入境,517285,491486,55296,1064067,0,0,0,0
2024-11,高铁西九龙,出境,543603,436875,49519,1029997,0,0,0,0
2024-12,中国客运码头,入境,27094,24443,2252,53789,0,0,0,0
2024-12,中国客运码头,出境,29116,21464,1875,52455,0,0,0,0
2024-12,启德邮轮码头,入境,12853,7965,16150,36968,0,0,0,0
2024-12,启德邮轮码头,出境,16186,3559,16512,36257,0,0,0,0
2024-12,屯门客运码头,入境,0,0,0,0,0,0,0,0
2024-12,屯门客运码头,出境,0,0,0,0,0,0,0,0
2024-12,文锦渡,入境,58588,19212,579,78379,4640,3441,0,32146
2024-12,文锦渡,出境,62456,15707,416,78579,4681,3407,0,34181
2024-12,机场,入境,1087688,275718,682210,2045616,0,0,0,0
2024-12,机场,出境,1171251,227440,640050,2038741,0,0,0,0
2024-12,沙头角,入境,0,0,0,0,0,0,0,0
2024-12,沙头角,出境,0,0,0,0,0,0,0,0
2024-12,深圳湾,入境,1282881,428331,38715,1749927,145440,10939,0,74865
2024-12,深圳湾,出境,1261717,421468,38633,1721818,145125,10769,0,74179
2024-12,港口管制,入境,116,25,1239,1380,0,0,0,0
2024-12,港口管制,出境,164,22,1039,1225,0,0,0,0
2024-12,港澳客轮码头,入境,185429,32232,105273,322934,0,0,0,0
2024-12,港澳客轮码头,出境,185210,39857,120485,345552,0,0,0,0
2024-12,港珠澳大桥,入境,950193,175992,185147,1311332,156532,8008,21299,21333
2024-12,港珠澳大桥,出境,944409,319830,170505,1434744,154497,8000,21303,14171
2024-12,红磡,入境,0,0,0,0,0,0,0,0
2024-12,红磡,出境,0,0,0,0,0,0,0,0
2024-12,罗湖,入境,2491860,484069,31818,3007747,0,0,0,0
2024-12,罗湖,出境,2474070,580888,32815,3087773,0,0,0,0
2024-12,落马洲,入境,492240,97127,13840,603207,119432,13779,4057,53241
2024-12,落马洲,出境,390499,157135,15536,563170,118595,14210,4045,63300
2024-12,落马洲支线,入境,1970244,595393,16730,2582367,0,0,0,0
2024-12,落马洲支线,出境,2100628,555854,16615,2673097,0,0,0,0
2024-12,香园围,入境,1015188,285557,6567,1307312,24379,3126,0,27067
2024-12,香园围,出境,1021535,144404,7712,1173651,24401,3073,0,22642
2024-12,高铁西九龙,入境,619533,673133,56093,1348759,0,0,0,0
2024-12,高铁西九龙,出境,654662,578499,54179,1287340,0,0,0,0
2025-01,中国客运码头,入境,16917,24691,1779,43387,0,0,0,0
2025-01,中国客运码头,出境,25178,22173,1683,49034,0,0,0,0
2025-01,启德邮轮码头,入境,9401,5954,20558,35913,0,0,0,0
2025-01,启德邮轮码头,出境,7398,9671,19317,36386,0,0,0,0
2025-01,屯门客运码头,入境,0,0,0,0,0,0,0,0
2025-01,屯门客运码头,出境,0,0,0,0,0,0,0,0
2025-01,文锦渡,入境,56483,22535,596,79614,4650,3305,0,31376
2025-01,文锦渡,出境,62097,18248,402,80747,4691,3245,0,32608
2025-01,机场,入境,928604,420634,594074,1943312,0,0,0,0
2025-01,机场,出境,987364,385943,651785,2025092,0,0,0,0
2025-01,沙头角,入境,0,0,0,0,0,0,0,0
2025-01,沙头角,出境,0,0,0,0,0,0,0,0
2025-01,深圳湾,入境,1207640,540077,40906,1788623,149506,10902,0,67581
2025-01,深圳湾,出境,1331202,503798,34747,1869747,150503,10762,0,68179
2025-01,港口管制,入境,179,18,1554,1751,0,0,0,0
2025-01,港口管制,出境,223,37,986,1246,0,0,0,0
2025-01,港澳客轮码头,入境,152029,52710,93507,298246,0,0,0,0
2025-01,港澳客轮码头,出境,157512,72579,98786,328877,0,0,0,0
2025-01,港珠澳大桥,入境,793803,252387,156334,1202524,150508,7785,20890,20120
2025-01,港珠澳大桥,出境,887561,408004,153094,1448659,167073,7747,20878,13322
2025-01,红磡,入境,0,0,0,0,0,0,0,0
2025-01,红磡,出境,0,0,0,0,0,0,0,0
2025-01,罗湖,入境,2211585,546692,25985,2784262,0,0,0,0
2025-01,罗湖,出境,2349554,660819,27093,3037466,0,0,0,0
2025-01,落马洲,入境,440053,125309,14943,580305,118578,13635,4389,48348
2025-01,落马洲,出境,370749,172911,13803,557463,118601,13816,4500,57119
2025-01,落马洲支线,入境,1694464,644950,14699,2354113,0,0,0,0
2025-01,落马洲支线,出境,1863228,601103,14180,2478511,0,0,0,0
2025-01,香园围,入境,934987,291488,6924,1233399,25194,3215,0,23782
2025-01,香园围,出境,975786,154955,6608,1137349,25489,3126,0,20047
2025-01,高铁西九龙,入境,479713,797747,45262,1322722,0,0,0,0
2025-01,高铁西九龙,出境,648500,665963,43018,1357481,0,0,0,0
2025-02,中国客运码头,入境,20624,20136,1283,42043,0,0,0,0
2025-02,中国客运码头,出境,15093,16888,1158,33139,0,0,0,0
2025-02,启德邮轮码头,入境,194,54,13734,13982,0,0,0,0
2025-02,启德邮轮码头,出境,194,35,13569,13798,0,0,0,0
2025-02,屯门客运码头,入境,0,0,0,0,0,0,0,0
2025-02,屯门客运码头,出境,0,0,0,0,0,0,0,0
2025-02,文锦渡,入境,57273,16199,455,73927,3957,3105,0,23068
2025-02,文锦渡,出境,57558,13440,350,71348,3903,3057,0,24209
2025-02,机场,入境,921648,325914,556532,1804094,0,0,0,0
2025-02,机场,出境,730526,288039,523142,1541707,0,0,0,0
2025-02,沙头角,入境,0,0,0,0,0,0,0,0
2025-02,沙头角,出境,0,0,0,0,0,0,0,0
2025-02,深圳湾,入境,1210132,380195,27447,1617774,127946,10328,0,55233
2025-02,深圳湾,出境,1026655,394812,34859,1456326,128047,10080,0,54533
2025-02,港口管制,入境,158,4,1068,1230,0,0,0,0
2025-02,港口管制,出境,242,10,855,1107,0,0,0,0
2025-02,港澳客轮码头,入境,155130,43885,80315,279330,0,0,0,0
2025-02,港澳客轮码头,出境,149031,61048,84460,294539,0,0,0,0
2025-02,港珠澳大桥,入境,845802,221797,135495,1203094,156083,6853,19410,16151
2025-02,港珠澳大桥,出境,741148,346453,138230,1225831,141072,6871,19423,10978
2025-02,红磡,入境,0,0,0,0,0,0,0,0
2025-02,红磡,出境,0,0,0,0,0,0,0,0
2025-02,罗湖,入境,2135067,416684,21623,2573374,0,0,0,0
2025-02,罗湖,出境,1920177,482293,22937,2425407,0,0,0,0
2025-02,落马洲,入境,422401,85941,9561,517903,102785,12194,3970,39644
2025-02,落马洲,出境,313841,131678,13775,459294,101657,12621,3909,46818
2025-02,落马洲支线,入境,1645018,488051,12150,2145219,0,0,0,0
2025-02,落马洲支线,出境,1618513,453911,12519,2084943,0,0,0,0
2025-02,香园围,入境,867304,217966,5437,1090707,22857,2870,0,17941
2025-02,香园围,出境,843303,122091,6838,972232,22897,2788,0,14972
2025-02,高铁西九龙,入境,587706,551746,34291,1173743,0,0,0,0
2025-02,高铁西九龙,出境,429418,545097,36079,1010594,0,0,0,0
2025-03,中国客运码头,入境,16256,13812,1683,31751,0,0,0,0
2025-03,中国客运码头,出境,16918,12326,1584,30828,0,0,0,0
2025-03,启德邮轮码头,入境,212,43,26114,26369,0,0,0,0
2025-03,启德邮轮码头,出境,329,28,26244,26601,0,0,0,0
2025-03,屯门客运码头,入境,0,0,0,0,0,0,0,0
2025-03,屯门客运码头,出境,0,0,0,0,0,0,0,0
2025-03,文锦渡,入境,68860,18792,534,88186,4840,3577,0,31368
2025-03,文锦渡,出境,71577,15954,399,87930,4781,3505,0,34542
2025-03,机场,入境,864989,258230,657386,1780605,0,0,0,0
2025-03,机场,出境,871831,229289,653524,1754644,0,0,0,0
2025-03,沙头角,入境,0,0,0,0,0,0,0,0
2025-03,沙头角,出境,0,0,0,0,0,0,0,0
2025-03,深圳湾,入境,1352152,385897,39355,1777404,151879,12879,0,75180
2025-03,深圳湾,出境,1327738,374223,40368,1742329,152231,12574,0,75160
2025-03,港口管制,入境,181,23,1491,1695,0,0,0,0
2025-03,港口管制,出境,116,20,990,1126,0,0,0,0
2025-03,港澳客轮码头,入境,162769,27874,83734,274377,0,0,0,0
2025-03,港澳客轮码头,出境,159162,37420,87371,283953,0,0,0,0
2025-03,港珠澳大桥,入境,832908,163531,142972,1139411,156943,6569,21323,21714
2025-03,港珠澳大桥,出境,833848,369560,145830,1349238,155502,6564,21330,14020
2025-03,红磡,入境,0,0,0,0,0,0,0,0
2025-03,红磡,出境,0,0,0,0,0,0,0,0
2025-03,罗湖,入境,2435236,413531,28583,2877350,0,0,0,0
2025-03,罗湖,出境,2402186,481042,29669,2912897,0,0,0,0
2025-03,落马洲,入境,475048,88780,14388,578216,121526,13850,4244,53484
2025-03,落马洲,出境,378642,119141,15615,513398,120513,14374,4319,62618
2025-03,落马洲支线,入境,1909569,507197,15017,2431783,0,0,0,0
2025-03,落马洲支线,出境,2003809,479883,14611,2498303,0,0,0,0
2025-03,香园围,入境,1026979,334759,7129,1368867,27472,3397,0,27081
2025-03,香园围,出境,1046252,141277,8720,1196249,27589,3253,0,22137
2025-03,高铁西九龙,入境,564498,536146,51805,1152449,0,0,0,0
2025-03,高铁西九龙,出境,579675,487173,53332,1120180,0,0,0,0
2025-04,中国客运码头,入境,27163,15245,2319,44727,0,0,0,0
2025-04,中国客运码头,出境,29983,13477,2147,45607,0,0,0,0
2025-04,启德邮轮码头,入境,3611,4325,20287,28223,0,0,0,0
2025-04,启德邮轮码头,出境,4423,5914,18232,28569,0,0,0,0
2025-04,屯门客运码头,入境,0,0,0,0,0,0,0,0
2025-04,屯门客运码头,出境,0,0,0,0,0,0,0,0
2025-04,文锦渡,入境,63259,18496,803,82558,4616,3481,0,30524
2025-04,文锦渡,出境,66637,14761,454,81852,4594,3415,0,34282
2025-04,机场,入境,1146520,266118,596228,2008866,0,0,0,0
2025-04,机场,出境,1176813,257969,604328,2039110,0,0,0,0
2025-04,沙头角,入境,0,0,0,0,0,0,0,0
2025-04,沙头角,出境,0,0,0,0,0,0,0,0
2025-04,深圳湾,入境,1445785,424208,49366,1919359,155149,7711,0,68195
2025-04,深圳湾,出境,1421863,385403,49881,1857147,155107,7416,0,69660
2025-04,港口管制,入境,208,18,1242,1468,0,0,0,0
2025-04,港口管制,出境,207,25,943,1175,0,0,0,0
2025-04,港澳客轮码头,入境,183575,30145,76057,289777,0,0,0,0
2025-04,港澳客轮码头,出境,182519,38936,78998,300453,0,0,0,0
2025-04,港珠澳大桥,入境,1007293,166268,148053,1321614,173346,9639,20984,21202
2025-04,港珠澳大桥,出境,1028004,316175,143890,1488069,175433,9634,20999,13659
2025-04,红磡,入境,0,0,0,0,0,0,0,0
2025-04,红磡,出境,0,0,0,0,0,0,0,0
2025-04,罗湖,入境,2421915,414986,30785,2867686,0,0,0,0
2025-04,罗湖,出境,2426294,484302,32045,2942641,0,0,0,0
2025-04,落马洲,入境,504584,105407,17153,627144,123165,15389,3973,53659
2025-04,落马洲,出境,400147,146790,17753,564690,122982,15014,4017,61446
2025-04,落马洲支线,入境,1904136,481202,15823,2401161,0,0,0,0
2025-04,落马洲支线,出境,2017024,450359,15298,2482681,0,0,0,0
2025-04,香园围,入境,976506,277073,7495,1261074,27084,3140,0,26480
2025-04,香园围,出境,989340,136109,9456,1134905,27236,2968,0,20739
2025-04,高铁西九龙,入境,732392,608800,70291,1411483,0,0,0,0
2025-04,高铁西九龙,出境,758175,518966,68368,1345509,0,0,0,0
2025-05,中国客运码头,入境,18121,17571,1648,37340,0,0,0,0
2025-05,中国客运码头,出境,19362,14391,1499,35252,0,0,0,0
2025-05,启德邮轮码头,入境,1210,6295,1780,9285,0,0,0,0
2025-05,启德邮轮码头,出境,1196,6303,2030,9529,0,0,0,0
2025-05,屯门客运码头,入境,0,0,0,0,0,0,0,0
2025-05,屯门客运码头,出境,0,0,0,0,0,0,0,0
2025-05,文锦渡,入境,68990,22778,688,92456,5096,3706,0,31530
2025-05,文锦渡,出境,71885,17635,404,89924,4965,3654,0,35515
2025-05,机场,入境,927455,337641,566192,1831288,0,0,0,0
2025-05,机场,出境,936367,290654,552377,1779398,0,0,0,0
2025-05,沙头角,入境,0,0,0,0,0,0,0,0
2025-05,沙头角,出境,0,0,0,0,0,0,0,0
2025-05,深圳湾,入境,1306315,456661,37489,1800465,156549,9138,0,66455
2025-05,深圳湾,出境,1333296,453353,38414,1825063,156968,8776,0,68926
2025-05,港口管制,入境,346,8,1076,1430,0,0,0,0
2025-05,港口管制,出境,342,20,1007,1369,0,0,0,0
2025-05,港澳客轮码头,入境,168952,34547,81311,284810,0,0,0,0
2025-05,港澳客轮码头,出境,170244,46389,95987,312620,0,0,0,0
2025-05,港珠澳大桥,入境,856474,178987,152018,1187479,174408,7544,20556,23391
2025-05,港珠澳大桥,出境,904769,295824,136508,1337101,181552,7550,20530,14629
2025-05,红磡,入境,0,0,0,0,0,0,0,0
2025-05,红磡,出境,0,0,0,0,0,0,0,0
2025-05,罗湖,入境,2329202,471860,25591,2826653,0,0,0,0
2025-05,罗湖,出境,2376047,577676,27307,2981030,0,0,0,0
2025-05,落马洲,入境,480755,120223,13551,614529,125372,15035,3813,49718
2025-05,落马洲,出境,398016,197614,15270,610900,124692,15208,3832,57956
2025-05,落马洲支线,入境,1798216,567826,13791,2379833,0,0,0,0
2025-05,落马洲支线,出境,1943810,524687,13583,2482080,0,0,0,0
2025-05,香园围,入境,985365,242252,8637,1236254,29093,3297,0,26440
2025-05,香园围,出境,1016446,146932,11002,1174380,29204,3111,0,20073
2025-05,高铁西九龙,入境,541399,665538,53306,1260243,0,0,0,0
2025-05,高铁西九龙,出境,568622,555927,49306,1173855,0,0,0,0
2025-06,中国客运码头,入境,14330,11088,1479,26897,0,0,0,0
2025-06,中国客运码头,出境,14765,10388,1342,26495,0,0,0,0
2025-06,启德邮轮码头,入境,2687,4932,1582,9201,0,0,0,0
2025-06,启德邮轮码头,出境,4319,5117,1125,10561,0,0,0,0
2025-06,屯门客运码头,入境,0,0,0,0,0,0,0,0
2025-06,屯门客运码头,出境,0,0,0,0,0,0,0,0
2025-06,文锦渡,入境,64998,17926,543,83467,4829,3319,0,31532
2025-06,文锦渡,出境,68413,15436,347,84196,4800,3257,0,35179
2025-06,机场,入境,891534,321761,525140,1738435,0,0,0,0
2025-06,机场,出境,950842,251520,525581,1727943,0,0,0,0
2025-06,沙头角,入境,0,0,0,0,0,0,0,0
2025-06,沙头角,出境,0,0,0,0,0,0,0,0
2025-06,深圳湾,入境,1323370,385048,35962,1744380,159217,9776,0,67117
2025-06,深圳湾,出境,1287347,390247,40269,1717863,160191,9685,0,70596
2025-06,港口管制,入境,166,2,1040,1208,0,0,0,0
2025-06,港口管制,出境,196,19,989,1204,0,0,0,0
2025-06,港澳客轮码头,入境,165439,27440,66631,259510,0,0,0,0
2025-06,港澳客轮码头,出境,163643,37639,80353,281635,0,0,0,0
2025-06,港珠澳大桥,入境,845179,150006,136339,1131524,162956,6170,19900,24398
2025-06,港珠澳大桥,出境,837176,235410,127261,1199847,161117,6164,19915,14462
2025-06,红磡,入境,0,0,0,0,0,0,0,0
2025-06,红磡,出境,0,0,0,0,0,0,0,0
2025-06,罗湖,入境,2341158,381162,23094,2745414,0,0,0,0
2025-06,罗湖,出境,2311765,451370,24717,2787852,0,0,0,0
2025-06,落马洲,入境,474739,91191,12913,578843,124244,13881,3752,50430
2025-06,落马洲,出境,379880,133748,16053,529681,123656,13883,3809,58858
2025-06,落马洲支线,入境,1819808,453392,13083,2286283,0,0,0,0
2025-06,落马洲支线,出境,1912757,432186,13450,2358393,0,0,0,0
2025-06,香园围,入境,974469,194856,6395,1175720,30295,3277,0,27278
2025-06,香园围,出境,971912,124878,8054,1104844,30650,3153,0,21229
2025-06,高铁西九龙,入境,549837,571047,47198,1168082,0,0,0,0
2025-06,高铁西九龙,出境,547805,522243,49775,1119823,0,0,0,0
2025-07,中国客运码头,入境,14372,16586,1302,32260,0,0,0,0
2025-07,中国客运码头,出境,15763,14183,1263,31209,0,0,0,0
2025-07,启德邮轮码头,入境,12387,6264,1031,19682,0,0,0,0
2025-07,启德邮轮码头,出境,11929,6422,1232,19583,0,0,0,0
2025-07,屯门客运码头,入境,0,0,0,0,0,0,0,0
2025-07,屯门客运码头,出境,0,0,0,0,0,0,0,0
2025-07,文锦渡,入境,55322,19365,545,75232,4857,2967,0,32157
2025-07,文锦渡,出境,60992,16260,404,77656,4786,2999,0,33325
2025-07,机场,入境,1022264,383804,510637,1916705,0,0,0,0
2025-07,机场,出境,1054512,374270,520426,1949208,0,0,0,0
2025-07,沙头角,入境,0,0,0,0,0,0,0,0
2025-07,沙头角,出境,0,0,0,0,0,0,0,0
2025-07,深圳湾,入境,1300533,511981,43513,1856027,166150,11530,0,68054
2025-07,深圳湾,出境,1285040,471276,40621,1796937,166344,11479,0,73541
2025-07,港口管制,入境,388,56,1259,1703,0,0,0,0
2025-07,港口管制,出境,310,83,1110,1503,0,0,0,0
2025-07,港澳客轮码头,入境,171321,42429,59446,273196,0,0,0,0
2025-07,港澳客轮码头,出境,165000,62534,71122,298656,0,0,0,0
2025-07,港珠澳大桥,入境,875656,242855,148877,1267388,164298,6247,21966,25502
2025-07,港珠澳大桥,出境,863803,393501,130601,1387905,167064,6280,21970,14980
2025-07,红磡,入境,0,0,0,0,0,0,0,0
2025-07,红磡,出境,0,0,0,0,0,0,0,0
2025-07,罗湖,入境,2378958,502735,24925,2906618,0,0,0,0
2025-07,罗湖,出境,2359867,593400,25911,2979178,0,0,0,0
2025-07,落马洲,入境,477994,123946,15713,617653,125619,14161,3875,54289
2025-07,落马洲,出境,381734,156730,16148,554612,124639,14237,3898,62360
2025-07,落马洲支线,入境,1798074,576859,14914,2389847,0,0,0,0
2025-07,落马洲支线,出境,1899208,530166,14561,2443935,0,0,0,0
2025-07,香园围,入境,955001,299001,7458,1261460,31947,3117,0,29385
2025-07,香园围,出境,951938,177037,9152,1138127,32126,3033,0,24992
2025-07,高铁西九龙,入境,593487,783124,52205,1428816,0,0,0,0
2025-07,高铁西九龙,出境,598541,674984,47728,1321253,0,0,0,0
2025-08,中国客运码头,入境,15900,20905,1524,38329,0,0,0,0
2025-08,中国客运码头,出境,15810,18192,1298,35300,0,0,0,0
2025-08,启德邮轮码头,入境,20288,9446,1696,31430,0,0,0,0
2025-08,启德邮轮码头,出境,20102,9828,1892,31822,0,0,0,0
2025-08,屯门客运码头,入境,0,0,0,0,0,0,0,0
2025-08,屯门客运码头,出境,0,0,0,0,0,0,0,0
2025-08,文锦渡,入境,57098,21606,466,79170,5163,3113,0,31951
2025-08,文锦渡,出境,62320,17745,341,80406,5048,3126,0,31888
2025-08,机场,入境,1239238,444675,538409,2222322,0,0,0,0
2025-08,机场,出境,1081190,405544,544416,2031150,0,0,0,0
2025-08,沙头角,入境,0,0,0,0,0,0,0,0
2025-08,沙头角,出境,0,0,0,0,0,0,0,0
2025-08,深圳湾,入境,1454768,609622,41953,2106343,178037,11277,0,69116
2025-08,深圳湾,出境,1393068,591646,39598,2024312,177330,11102,0,74821
2025-08,港口管制,入境,709,15,1246,1970,0,0,0,0
2025-08,港口管制,出境,344,26,949,1319,0,0,0,0
2025-08,港澳客轮码头,入境,172474,49418,68786,290678,0,0,0,0
2025-08,港澳客轮码头,出境,171890,71532,80835,324257,0,0,0,0
2025-08,港珠澳大桥,入境,983846,288020,160113,1431979,187090,7089,23722,26458
2025-08,港珠澳大桥,出境,978083,449693,153904,1581680,187035,7067,23712,15732
2025-08,红磡,入境,0,0,0,0,0,0,0,0
2025-08,红磡,出境,0,0,0,0,0,0,0,0
2025-08,罗湖,入境,2561859,617557,25379,3204795,0,0,0,0
2025-08,罗湖,出境,2520670,772873,26734,3320277,0,0,0,0
2025-08,落马洲,入境,526221,133481,15253,674955,132010,14809,3680,49624
2025-08,落马洲,出境,411299,206508,15802,633609,130697,14803,3744,57597
2025-08,落马洲支线,入境,1941643,723042,15596,2680281,0,0,0,0
2025-08,落马洲支线,出境,2048982,651289,15136,2715407,0,0,0,0
2025-08,香园围,入境,1003919,330559,7460,1341938,33327,3785,0,29359
2025-08,香园围,出境,993457,212785,10119,1216361,33178,3674,0,26226
2025-08,高铁西九龙,入境,681772,973497,53520,1708789,0,0,0,0
2025-08,高铁西九龙,出境,611417,855580,47948,1514945,0,0,0,0
2025-09,中国客运码头,入境,9925,8232,1106,19263,0,0,0,0
2025-09,中国客运码头,出境,10903,7003,872,18778,0,0,0,0
2025-09,启德邮轮码头,入境,11071,9938,2924,23933,0,0,0,0
2025-09,启德邮轮码头,出境,11338,9686,3127,24151,0,0,0,0
2025-09,屯门客运码头,入境,0,0,0,0,0,0,0,0
2025-09,屯门客运码头,出境,0,0,0,0,0,0,0,0
2025-09,文锦渡,入境,72323,18018,517,90858,5076,3323,0,31343
2025-09,文锦渡,出境,72953,15488,325,88766,4990,3320,0,30973
2025-09,机场,入境,762256,268467,507856,1538579,0,0,0,0
2025-09,机场,出境,790390,310506,516805,1617701,0,0,0,0
2025-09,沙头角,入境,0,0,0,0,0,0,0,0
2025-09,沙头角,出境,0,0,0,0,0,0,0,0
2025-09,深圳湾,入境,1217180,393217,40015,1650412,166818,10341,0,71346
2025-09,深圳湾,出境,1199667,351274,35937,1586878,167640,10352,0,77525
2025-09,港口管制,入境,198,51,1038,1287,0,0,0,0
2025-09,港口管制,出境,173,45,893,1111,0,0,0,0
2025-09,港澳客轮码头,入境,134687,20538,57103,212328,0,0,0,0
2025-09,港澳客轮码头,出境,134150,26481,69952,230583,0,0,0,0
2025-09,港珠澳大桥,入境,706163,121348,114182,941693,145739,5509,17746,27802
2025-09,港珠澳大桥,出境,719215,191547,98904,1009666,147736,5522,17753,17404
2025-09,红磡,入境,0,0,0,0,0,0,0,0
2025-09,红磡,出境,0,0,0,0,0,0,0,0
2025-09,罗湖,入境,2259360,360806,23171,2643337,0,0,0,0
2025-09,罗湖,出境,2284571,421843,23703,2730117,0,0,0,0
2025-09,落马洲,入境,416128,104228,15678,536034,124080,13473,2978,48865
2025-09,落马洲,出境,349604,122798,14712,487114,123360,13337,3066,55467
2025-09,落马洲支线,入境,1738844,453827,12890,2205561,0,0,0,0
2025-09,落马洲支线,出境,1827103,418442,12111,2257656,0,0,0,0
2025-09,香园围,入境,923237,188797,6363,1118397,33793,3795,0,28086
2025-09,香园围,出境,927713,119939,7616,1055268,34335,3693,0,25651
2025-09,高铁西九龙,入境,528555,509403,52885,1090843,0,0,0,0
2025-09,高铁西九龙,出境,513934,429911,46766,990611,0,0,0,0
2025-10,中国客运码头,入境,16831,19561,2337,38729,0,0,0,0
2025-10,中国客运码头,出境,18115,17568,2440,38123,0,0,0,0
2025-10,启德邮轮码头,入境,14487,10395,13399,38281,0,0,0,0
2025-10,启德邮轮码头,出境,14956,9181,13506,37643,0,0,0,0
2025-10,屯门客运码头,入境,0,0,0,0,0,0,0,0
2025-10,屯门客运码头,出境,0,0,0,0,0,0,0,0
2025-10,文锦渡,入境,84040,23057,598,107695,5360,3823,0,31496
2025-10,文锦渡,出境,84357,18829,431,103617,5333,3802,0,30599
2025-10,机场,入境,949021,416298,687303,2052622,0,0,0,0
2025-10,机场,出境,960121,307756,617230,1885107,0,0,0,0
2025-10,沙头角,入境,0,0,0,0,0,0,0,0
2025-10,沙头角,出境,0,0,0,0,0,0,0,0
2025-10,深圳湾,入境,1430203,507855,48606,1986664,182951,8828,0,69096
2025-10,深圳湾,出境,1430426,528203,60459,2019088,184075,8940,0,75555
2025-10,港口管制,入境,381,27,1155,1563,0,0,0,0
2025-10,港口管制,出境,401,84,993,1478,0,0,0,0
2025-10,港澳客轮码头,入境,154387,33377,80597,268361,0,0,0,0
2025-10,港澳客轮码头,出境,155509,46627,101869,304005,0,0,0,0
2025-10,港珠澳大桥,入境,859386,189820,150811,1200017,195178,6962,20049,28446
2025-10,港珠澳大桥,出境,870555,321760,133982,1326297,196820,6963,20063,18501
2025-10,红磡,入境,0,0,0,0,0,0,0,0
2025-10,红磡,出境,0,0,0,0,0,0,0,0
2025-10,罗湖,入境,2519582,486128,30685,3036395,0,0,0,0
2025-10,罗湖,出境,2524992,607308,33913,3166213,0,0,0,0
2025-10,落马洲,入境,473048,131614,17417,622079,134836,15310,3219,41920
2025-10,落马洲,出境,398662,193842,22901,615405,133499,15770,3237,48670
2025-10,落马洲支线,入境,1911853,647948,16859,2576660,0,0,0,0
2025-10,落马洲支线,出境,2021240,617119,17123,2655482,0,0,0,0
2025-10,香园围,入境,1044846,282525,9702,1337073,36873,4706,0,26676
2025-10,香园围,出境,1056563,166413,12043,1235019,37297,4578,0,23751
2025-10,高铁西九龙,入境,622469,702237,78745,1403451,0,0,0,0
2025-10,高铁西九龙,出境,625973,621962,86184,1334119,0,0,0,0
